"venuename","Bends","popAvg","barrier_bin","margfin","sample","barrier_margadj"
"Flemington",0,3.38308605341246,"1-3",3.36470588235294,799,-0.0183801710595217
"Flemington",0,3.38308605341246,"4-6",3.35611866501854,809,-0.0269673883939214
"Flemington",0,3.38308605341246,"7+",3.52799717912553,1418,0.144911125713066
"Albury",1,3.89926829268293,"1-3",3.90984234234234,444,0.0105740496594153
"Albury",1,3.89926829268293,"4-6",3.69909512761021,431,-0.200173165072718
"Albury",1,3.89926829268293,"7+",4.04683544303797,711,0.147567150355048
"Ascot",1,3.24784384929641,"1-3",2.98399044205496,2511,-0.263853407241456
"Ascot",1,3.24784384929641,"4-6",3.1534224382341,2469,-0.0944214110623114
"Ascot",1,3.24784384929641,"7+",3.51704938659956,3179,0.269205537303145
"Bairnsdale",1,3.78531073446328,"1-3",3.73092485549133,346,-0.0543858789719471
"Bairnsdale",1,3.78531073446328,"4-6",3.72522255192878,337,-0.0600881825344932
"Bairnsdale",1,3.78531073446328,"7+",3.81798365122616,367,0.0326729167628814
"Balaklava",1,3.8509328358209,"1-3",3.7080684596577,818,-0.142864376163194
"Balaklava",1,3.8509328358209,"4-6",3.69206549118388,794,-0.158867344637016
"Balaklava",1,3.8509328358209,"7+",4.16328852119959,967,0.312355685378691
"Ballarat",1,3.73970130678283,"1-3",3.60867507886435,1268,-0.131026227918472
"Ballarat",1,3.73970130678283,"4-6",3.58528,1250,-0.154421306782825
"Ballarat",1,3.73970130678283,"7+",3.98635077793494,1414,0.246649471152111
"Balnarring",1,3.75575447570332,"1-3",3.725,216,-0.0307544757033247
"Balnarring",1,3.75575447570332,"4-6",3.61182795698925,186,-0.143926518714077
"Balnarring",1,3.75575447570332,"7+",4.42277227722772,101,0.667017801524398
"Bathurst",1,3.71772112382934,"1-3",3.4382091503268,765,-0.279511973502547
"Bathurst",1,3.71772112382934,"4-6",3.67443820224719,712,-0.0432829215821537
"Bathurst",1,3.71772112382934,"7+",4.10566807313643,711,0.387946949307083
"Beaudesert",1,3.65811032222829,"1-3",3.52654639175258,776,-0.131563930475713
"Beaudesert",1,3.65811032222829,"4-6",3.60497237569061,724,-0.0531379465376829
"Beaudesert",1,3.65811032222829,"7+",3.92545676004872,821,0.26734643782043
"Belmont",1,3.26752125572269,"1-3",2.90883656509695,722,-0.358684690625742
"Belmont",1,3.26752125572269,"4-6",3.16105263157895,703,-0.106468624143747
"Belmont",1,3.26752125572269,"7+",3.707,820,0.439478744277305
"Benalla",1,3.71483749411211,"1-3",3.53011204481793,714,-0.184725449294179
"Benalla",1,3.71483749411211,"4-6",3.67885714285714,700,-0.0359803512549628
"Benalla",1,3.71483749411211,"7+",3.7903125,960,0.0754750058878946
"Bendigo",1,3.7176393728223,"1-3",3.3879440885265,1717,-0.3296952842958
"Bendigo",1,3.7176393728223,"4-6",3.62464370546318,1684,-0.092995667359117
"Bendigo",1,3.7176393728223,"7+",3.96715789473684,2375,0.249518521914542
"Bordertown",1,3.72643171806167,"1-3",3.65733333333333,225,-0.0690983847283406
"Bordertown",1,3.72643171806167,"4-6",3.59489795918367,196,-0.131533758878001
"Bordertown",1,3.72643171806167,"7+",3.63560209424084,191,-0.0908296238208361
"Bunbury",1,3.52098814229249,"1-3",3.18936970837253,1063,-0.33161843391996
"Bunbury",1,3.52098814229249,"4-6",3.37981042654028,1055,-0.141177715752206
"Bunbury",1,3.52098814229249,"7+",3.90924499229584,1298,0.38825685000335
"Cairns",1,3.22870999030068,"1-3",3.14951573849879,413,-0.0791942518018898
"Cairns",1,3.22870999030068,"4-6",3.25396634615385,416,0.0252563558531671
"Cairns",1,3.22870999030068,"7+",3.4131067961165,412,0.184396805815826
"Camperdown",1,4.01506849315069,"1-3",3.25,34,-0.765068493150685
"Camperdown",1,4.01506849315069,"7+",4.6948717948718,39,0.67980330172111
"Canberra",1,3.54565509819747,"1-3",3.36441409058231,1391,-0.181241007615156
"Canberra",1,3.54565509819747,"4-6",3.43804267844003,1359,-0.107612419757442
"Canberra",1,3.54565509819747,"7+",3.90200458190149,1746,0.356349483704018
"Canterbury",1,3.06087613293051,"1-3",2.82651757188498,1252,-0.234358561045529
"Canterbury",1,3.06087613293051,"4-6",3.190625,1216,0.129748867069486
"Canterbury",1,3.06087613293051,"7+",3.31171328671329,1144,0.250837153782773
"Casino",1,3.71695544554455,"1-3",3.57452229299363,314,-0.142433152550924
"Casino",1,3.71695544554455,"4-6",3.45817610062893,318,-0.258779344915624
"Casino",1,3.71695544554455,"7+",4.02183098591549,426,0.304875540370938
"Caulfield",1,3.45420527441197,"1-3",3.50872210953347,986,0.0545168351214942
"Caulfield",1,3.45420527441197,"4-6",3.43069207622869,997,-0.0235131981832883
"Caulfield",1,3.45420527441197,"7+",3.47260765550239,1672,0.0184023810904179
"Cessnock",1,3.76390728476821,"1-3",3.61180555555556,144,-0.152101729212656
"Cessnock",1,3.76390728476821,"4-6",3.49324324324324,148,-0.270664041524968
"Cessnock",1,3.76390728476821,"7+",4.36914285714286,175,0.605235572374645
"Coffs Harbour",1,3.83719002458728,"1-3",3.6391844300278,1079,-0.198005594559481
"Coffs Harbour",1,3.83719002458728,"4-6",3.66345419847328,1048,-0.173735826114002
"Coffs Harbour",1,3.83719002458728,"7+",4.11605479452055,1825,0.278864769933263
"Colac",1,3.37645259938838,"1-3",3.12105263157895,171,-0.255399967809432
"Colac",1,3.37645259938838,"4-6",3.37861271676301,173,0.0021601173746264
"Colac",1,3.37645259938838,"7+",3.92933333333333,150,0.552880733944954
"Coonabarabran",1,3.890273556231,"1-3",3.20373831775701,107,-0.686535238473994
"Coonabarabran",1,3.890273556231,"4-6",4.02330097087379,103,0.133027414642783
"Coonabarabran",1,3.890273556231,"7+",4.57431693989071,183,0.684043383659708
"Coonamble",1,4.37530864197531,"1-3",4.0156,250,-0.359708641975309
"Coonamble",1,4.37530864197531,"4-6",4.12723577235772,246,-0.248072869617586
"Coonamble",1,4.37530864197531,"7+",4.52679425837321,418,0.151485616397897
"Cootamundra",1,3.31024590163934,"1-3",2.9296875,128,-0.380558401639344
"Cootamundra",1,3.31024590163934,"4-6",3.50873786407767,103,0.198491962438326
"Cootamundra",1,3.31024590163934,"7+",3.63595505617978,89,0.325709154540431
"Corowa",1,4.10610236220472,"1-3",3.32232558139535,215,-0.783776780809376
"Corowa",1,4.10610236220472,"4-6",3.8005,200,-0.305602362204725
"Corowa",1,4.10610236220472,"7+",4.62420091324201,219,0.518098551037284
"Cowra",1,3.45369649805447,"1-3",3.27326732673267,202,-0.180429171321801
"Cowra",1,3.45369649805447,"4-6",3.73248730964467,197,0.278790811590195
"Cowra",1,3.45369649805447,"7+",3.76943396226415,265,0.315737464209676
"Cranbourne",1,3.56182266009852,"1-3",3.36909604519774,1770,-0.192726614900782
"Cranbourne",1,3.56182266009852,"4-6",3.56754285714286,1750,0.0057201970443348
"Cranbourne",1,3.56182266009852,"7+",3.80784518828452,1912,0.246022528185997
"Dalby",1,3.4301011302796,"1-3",3.51948424068768,698,0.0893831104080833
"Dalby",1,3.4301011302796,"4-6",3.39100145137881,689,-0.0390996789007856
"Dalby",1,3.4301011302796,"7+",3.51403286978508,791,0.0839317395054864
"Donald",1,3.68109090909091,"1-3",3.73701923076923,416,0.055928321678322
"Donald",1,3.68109090909091,"4-6",3.61966426858513,417,-0.0614266405057773
"Donald",1,3.68109090909091,"7+",3.70204429301533,587,0.0209533839244234
"Doomben",1,3.56572982774252,"1-3",3.12469609724888,3126,-0.44103373049364
"Doomben",1,3.56572982774252,"4-6",3.59302479338843,3025,0.0272949656459094
"Doomben",1,3.56572982774252,"7+",3.94818204303735,4043,0.382452215294828
"Dubbo",1,4.04324604614986,"1-3",3.89162790697674,1075,-0.151618139173113
"Dubbo",1,4.04324604614986,"4-6",4.0368320610687,1048,-0.00641398508115465
"Dubbo",1,4.04324604614986,"7+",4.12156862745098,1989,0.0783225813011228
"Eagle Farm",1,3.53508771929825,"1-3",3.42335976928623,1387,-0.111727950012016
"Eagle Farm",1,3.53508771929825,"4-6",3.57534646243618,1371,0.0402587431379322
"Eagle Farm",1,3.53508771929825,"7+",3.76678476527901,2258,0.231697045980762
"Echuca",1,3.7578437132785,"1-3",3.54991610738255,596,-0.207927605895946
"Echuca",1,3.7578437132785,"4-6",3.62741935483871,558,-0.130424358439786
"Echuca",1,3.7578437132785,"7+",4.05200486026731,823,0.294161146988818
"Edenhope",1,4.01082802547771,"1-3",2.8948275862069,58,-1.11600043927081
"Edenhope",1,4.01082802547771,"4-6",4.45254237288136,59,0.441714347403649
"Edenhope",1,4.01082802547771,"7+",4.69565217391304,69,0.684824148435337
"Fannie Bay",1,3.95794520547945,"1-3",3.70066666666667,1200,-0.257278538812785
"Fannie Bay",1,3.95794520547945,"4-6",3.99236430542778,1087,0.0344190999483307
"Fannie Bay",1,3.95794520547945,"7+",4.34763271162123,697,0.389687506141782
"Flemington",1,3.65610635421361,"1-3",3.44601648351648,1456,-0.210089870697126
"Flemington",1,3.65610635421361,"4-6",3.5552033080634,1451,-0.100903046150205
"Flemington",1,3.65610635421361,"7+",3.82122342409549,2681,0.165117069881877
"Forbes",1,3.68931297709924,"1-3",3.29347826086957,138,-0.395834716229671
"Forbes",1,3.68931297709924,"4-6",3.69931034482759,145,0.00999736772834936
"Forbes",1,3.68931297709924,"7+",3.79144385026738,187,0.102130873168143
"Gatton",1,3.60962309542903,"1-3",3.18466257668712,489,-0.424960518741913
"Gatton",1,3.60962309542903,"4-6",3.63512931034483,464,0.0255062149157981
"Gatton",1,3.60962309542903,"7+",4.16790352504638,539,0.558280429617353
"Gawler",1,3.61306220095694,"1-3",3.50392817059484,891,-0.109134030362101
"Gawler",1,3.61306220095694,"4-6",3.54907834101382,868,-0.0639838599431131
"Gawler",1,3.61306220095694,"7+",3.84171180931744,923,0.228649608360505
"Geelong",1,3.5668527769615,"1-3",3.46178010471204,1337,-0.105072672249463
"Geelong",1,3.5668527769615,"4-6",3.4706373292868,1318,-0.0962154476747061
"Geelong",1,3.5668527769615,"7+",3.69577380952381,1680,0.128921032562305
"Geraldton",1,3.65687126561651,"1-3",3.54667630057803,1384,-0.110194965038478
"Geraldton",1,3.65687126561651,"4-6",3.57835051546392,1358,-0.0785207501525949
"Geraldton",1,3.65687126561651,"7+",3.85218060543869,1949,0.195309339822174
"Gilgandra",1,3.73168,"1-3",3.7046511627907,258,-0.0270288372093024
"Gilgandra",1,3.73168,"4-6",3.52325581395349,258,-0.208424186046511
"Gilgandra",1,3.73168,"7+",4.08224043715847,366,0.35056043715847
"Gold Coast",1,3.4691416893733,"1-3",3.39245852187029,663,-0.0766831675030106
"Gold Coast",1,3.4691416893733,"4-6",3.39241486068111,646,-0.0767268286921827
"Gold Coast",1,3.4691416893733,"7+",3.73067092651757,626,0.261529237144275
"Gosford",1,3.25840900835452,"1-3",3.2,1292,-0.0584090083545221
"Gosford",1,3.25840900835452,"4-6",3.12475884244373,1244,-0.133650165910792
"Gosford",1,3.25840900835452,"7+",3.71886597938144,970,0.460456971026921
"Goulburn",1,3.56483328583642,"1-3",3.48940936863544,1473,-0.0754239172009825
"Goulburn",1,3.56483328583642,"4-6",3.49456671251719,1454,-0.0702665733192265
"Goulburn",1,3.56483328583642,"7+",3.84548825710754,1618,0.28065497127112
"Grafton",1,3.70750642673522,"1-3",3.50340364333653,2086,-0.204102783398689
"Grafton",1,3.70750642673522,"4-6",3.53864942528736,2088,-0.168857001447862
"Grafton",1,3.70750642673522,"7+",3.94592119866815,3604,0.238414771932928
"Griffith",1,3.729375,"1-3",3.51320754716981,53,-0.216167452830189
"Griffith",1,3.729375,"4-6",3.96166666666667,60,0.232291666666666
"Griffith",1,3.729375,"7+",3.70625,80,-0.0231250000000003
"Gundagai",1,3.69813581890812,"1-3",4.00509803921569,255,0.306962220307564
"Gundagai",1,3.69813581890812,"4-6",3.59777777777778,270,-0.100358041130344
"Gundagai",1,3.69813581890812,"7+",3.60769230769231,390,-0.0904435112158146
"Gunnedah",1,4.25780445969125,"1-3",3.74974874371859,199,-0.50805571597266
"Gunnedah",1,4.25780445969125,"4-6",4.25221674876847,203,-0.00558771092277954
"Gunnedah",1,4.25780445969125,"7+",4.43965014577259,343,0.181845686081342
"Hamilton",1,3.57508561643836,"1-3",3.79241192411924,369,0.217326307680885
"Hamilton",1,3.57508561643836,"4-6",3.30544959128065,367,-0.269636025157702
"Hamilton",1,3.57508561643836,"7+",3.72811387900356,562,0.153028262565203
"Hanging Rock",1,3.51864406779661,"1-3",2.818,50,-0.70064406779661
"Hanging Rock",1,3.51864406779661,"4-6",3.79565217391304,46,0.277008106116433
"Hanging Rock",1,3.51864406779661,"7+",4.46530612244898,49,0.94666205465237
"Hawkesbury",1,3.39807866184448,"1-3",3.31701814615007,2039,-0.0810605156944111
"Hawkesbury",1,3.39807866184448,"4-6",3.20896907216495,1940,-0.189109589679536
"Hawkesbury",1,3.39807866184448,"7+",3.74092126405999,1867,0.342842602215505
"Hobart",1,3.29230182926829,"1-3",3.35986394557823,588,0.0675621163099382
"Hobart",1,3.29230182926829,"4-6",3.46920353982301,565,0.176901710554716
"Hobart",1,3.29230182926829,"7+",3.37495826377295,599,0.0826564345046621
"Inverell",1,3.7276404494382,"1-3",3.44,180,-0.287640449438202
"Inverell",1,3.7276404494382,"4-6",3.6135593220339,177,-0.114081127404304
"Inverell",1,3.7276404494382,"7+",4.01534653465347,202,0.287706085215263
"Ipswich",1,3.49106447791505,"1-3",3.42109404271263,2669,-0.0699704352024186
"Ipswich",1,3.49106447791505,"4-6",3.42930501930502,2590,-0.0617594586100259
"Ipswich",1,3.49106447791505,"7+",3.73694244604317,2780,0.24587796812812
"Kalgoorlie",1,3.3215445026178,"1-3",3.07043225806452,1550,-0.251112244553285
"Kalgoorlie",1,3.3215445026178,"4-6",3.19150197628458,1518,-0.130042526333216
"Kalgoorlie",1,3.3215445026178,"7+",3.60758533501896,1582,0.286040832401163
"Kembla Grange",1,3.28117845749672,"1-3",3.21052854122622,2365,-0.0706499162705008
"Kembla Grange",1,3.28117845749672,"4-6",3.18866242038217,2355,-0.0925160371145508
"Kembla Grange",1,3.28117845749672,"7+",3.48608027327071,2342,0.204901815773992
"Kempsey",1,3.63267605633803,"1-3",3.21768707482993,147,-0.414988981508096
"Kempsey",1,3.63267605633803,"4-6",3.53409090909091,132,-0.0985851472471189
"Kempsey",1,3.63267605633803,"7+",4.1289156626506,166,0.496239606312574
"Kilcoy",1,3.86020066889632,"1-3",3.70614035087719,114,-0.154060318019128
"Kilcoy",1,3.86020066889632,"4-6",3.73888888888889,108,-0.121311780007432
"Kilcoy",1,3.86020066889632,"7+",4.1912,125,0.330999331103679
"Kilmore",1,3.55287671232877,"1-3",3.18519736842105,304,-0.367679343907714
"Kilmore",1,3.55287671232877,"4-6",3.62793103448276,290,0.0750543221539917
"Kilmore",1,3.55287671232877,"7+",3.73166144200627,319,0.178784729677503
"Kyneton",1,3.71105651105651,"1-3",3.64390756302521,476,-0.067148948031301
"Kyneton",1,3.71105651105651,"4-6",3.70836653386454,502,-0.00268997719196928
"Kyneton",1,3.71105651105651,"7+",3.73927927927928,555,0.028222768222768
"Leeton",1,3.47596439169139,"1-3",2.83109243697479,119,-0.644871954716605
"Leeton",1,3.47596439169139,"4-6",3.46238532110092,109,-0.0135790705904775
"Leeton",1,3.47596439169139,"7+",4.19357798165138,109,0.717613589959982
"Lismore",1,3.71917989417989,"1-3",3.55517799352751,618,-0.164001900652386
"Lismore",1,3.71917989417989,"4-6",3.75025906735751,579,0.031079173177619
"Lismore",1,3.71917989417989,"7+",4.16148738379814,753,0.442307489618247
"Mackay",1,3.53504659289458,"1-3",3.09053133514986,1468,-0.44451525774472
"Mackay",1,3.53504659289458,"4-6",3.54467414155571,1427,0.00962754866112769
"Mackay",1,3.53504659289458,"7+",4.11506849315068,1460,0.580021900256101
"Mildura",1,3.82746645619574,"1-3",3.48996138996139,518,-0.337505066234348
"Mildura",1,3.82746645619574,"4-6",3.7328125,512,-0.0946539561957378
"Mildura",1,3.82746645619574,"7+",4.02849915682968,593,0.201032700633942
"Moonee Valley",1,3.07761304670126,"1-3",2.92886597938144,582,-0.148747067319817
"Moonee Valley",1,3.07761304670126,"4-6",2.98194444444444,576,-0.0956686022568158
"Moonee Valley",1,3.07761304670126,"7+",3.37340067340067,594,0.295787626699413
"Moree",1,3.6158371040724,"1-3",3.63391812865497,171,0.0180810245825724
"Moree",1,3.6158371040724,"4-6",3.53473053892216,167,-0.0811065651502427
"Moree",1,3.6158371040724,"7+",3.50817307692308,208,-0.107664027149321
"Morphettville",1,3.37899953538795,"1-3",3.26838804869052,2711,-0.110611486697431
"Morphettville",1,3.37899953538795,"4-6",3.23552833078101,2612,-0.143471204606941
"Morphettville",1,3.37899953538795,"7+",3.71225459151362,3158,0.333255056125665
"Mortlake",1,3.73023255813954,"1-3",3.43636363636364,44,-0.293868921775899
"Mortlake",1,3.73023255813954,"7+",4,42,0.269767441860465
"Moruya",1,3.22308868501529,"1-3",3.19547325102881,243,-0.027615433986484
"Moruya",1,3.22308868501529,"4-6",2.97877551020408,245,-0.244313174811209
"Moruya",1,3.22308868501529,"7+",3.65919003115265,321,0.436101346137358
"Mount Barker",1,3.37424242424242,"1-3",3.49662921348315,356,0.122386789240722
"Mount Barker",1,3.37424242424242,"4-6",3.45454545454545,363,0.0803030303030305
"Mount Barker",1,3.37424242424242,"7+",3.42345415778252,469,0.0492117335400919
"Mount Gambier",1,3.88319327731092,"1-3",3.71864406779661,59,-0.164549209514314
"Mount Gambier",1,3.88319327731092,"4-6",3.38727272727273,55,-0.495920550038197
"Mount Gambier",1,3.88319327731092,"7+",4.14583333333333,48,0.262640056022409
"Murray Bridge",1,3.89408425455632,"1-3",3.83378176382661,1338,-0.0603024907297121
"Murray Bridge",1,3.89408425455632,"4-6",3.76755485893417,1276,-0.12652939562215
"Murray Bridge",1,3.89408425455632,"7+",4.15437010247137,1659,0.260285847915049
"Murtoa",1,3.66428571428571,"1-3",3.4031746031746,63,-0.261111111111111
"Murtoa",1,3.66428571428571,"4-6",3.64590163934426,61,-0.0183840749414519
"Murtoa",1,3.66428571428571,"7+",3.89770114942529,87,0.233415435139573
"Murwillumbah",1,3.49574712643678,"1-3",3.45540897097625,379,-0.0403381554605282
"Murwillumbah",1,3.49574712643678,"4-6",3.29216216216216,370,-0.203584964274619
"Murwillumbah",1,3.49574712643678,"7+",3.67596153846154,416,0.180214412024757
"Muswellbrook",1,3.95496649292628,"1-3",3.81195608782435,501,-0.143010405101933
"Muswellbrook",1,3.95496649292628,"4-6",3.87942386831276,486,-0.0755426246135271
"Muswellbrook",1,3.95496649292628,"7+",4.24997315436242,745,0.295006661436132
"Narrandera",1,3.7,"1-3",3.50660377358491,106,-0.193396226415095
"Narrandera",1,3.7,"4-6",3.22857142857143,105,-0.471428571428572
"Narrandera",1,3.7,"7+",4.08098591549296,142,0.380985915492958
"Narromine",1,3.65135746606335,"1-3",3.41993355481728,301,-0.231423911246073
"Narromine",1,3.65135746606335,"4-6",3.56336633663366,303,-0.0879911294296849
"Narromine",1,3.65135746606335,"7+",3.90806451612903,496,0.256707050065684
"Newcastle",1,3.54619274241523,"1-3",3.40740549828179,582,-0.138787244133442
"Newcastle",1,3.54619274241523,"4-6",3.43649572649573,585,-0.109697015919502
"Newcastle",1,3.54619274241523,"7+",3.8281906614786,514,0.28199791906337
"Northam",1,3.12010050251256,"1-3",2.95923913043478,184,-0.16086137207778
"Northam",1,3.12010050251256,"4-6",3.3242774566474,173,0.204176954134836
"Northam",1,3.12010050251256,"7+",3.83529411764706,153,0.715193615134496
"Nowra",1,3.37636526410027,"1-3",3.23065217391304,460,-0.145713090187225
"Nowra",1,3.37636526410027,"4-6",3.24295612009238,433,-0.13340914400789
"Nowra",1,3.37636526410027,"7+",3.49928186714542,557,0.122916603045153
"Oakbank",1,3.21621621621622,"1-3",3.6123595505618,89,0.396143334345581
"Oakbank",1,3.21621621621622,"4-6",3.86170212765957,94,0.645485911443358
"Oakbank",1,3.21621621621622,"7+",2.98989898989899,99,-0.226317226317226
"Orange",1,3.54780952380952,"1-3",3.34679802955665,203,-0.201011494252874
"Orange",1,3.54780952380952,"4-6",3.62435233160622,193,0.0765428077966939
"Orange",1,3.54780952380952,"7+",3.94331797235023,217,0.395508448540707
"Pakenham",1,3.59942260715079,"1-3",3.57321624588364,1822,-0.0262063612671439
"Pakenham",1,3.59942260715079,"4-6",3.44488888888889,1800,-0.1545337182619
"Pakenham",1,3.59942260715079,"7+",3.78717592592593,2160,0.187753318775138
"Parkes",1,3.92893835616438,"1-3",3.68829787234043,188,-0.240640483823958
"Parkes",1,3.92893835616438,"4-6",3.70828729281768,181,-0.220651063346704
"Parkes",1,3.92893835616438,"7+",4.24817518248175,274,0.319236826317369
"Penshurst",1,3.64864864864865,"1-3",3.288,50,-0.360648648648649
"Penshurst",1,3.64864864864865,"4-6",3.82363636363636,55,0.174987714987715
"Penshurst",1,3.64864864864865,"7+",3.81162790697674,43,0.162979258328095
"Pinjarra",1,3.68822575413558,"1-3",3.54345210550671,2161,-0.144773648628872
"Pinjarra",1,3.68822575413558,"4-6",3.52549837737599,2157,-0.162727376759597
"Pinjarra",1,3.68822575413558,"7+",3.87486413043478,3680,0.186638376299201
"Port Lincoln",1,3.72557575757576,"1-3",3.71972602739726,365,-0.00584973017849766
"Port Lincoln",1,3.72557575757576,"4-6",3.59283582089552,335,-0.132739936680236
"Port Lincoln",1,3.72557575757576,"7+",3.78024316109423,329,0.0546674035184673
"Port Macquarie",1,3.64508547008547,"1-3",3.79798234552333,793,0.152896875437859
"Port Macquarie",1,3.64508547008547,"4-6",3.64572864321608,796,0.000643173130610464
"Port Macquarie",1,3.64508547008547,"7+",3.59308556611927,1157,-0.051999903966196
"Queanbeyan",1,3.7148097826087,"1-3",3.25545454545455,330,-0.45935523715415
"Queanbeyan",1,3.7148097826087,"4-6",3.58267973856209,306,-0.132130044046604
"Queanbeyan",1,3.7148097826087,"7+",4.5366935483871,248,0.821883765778402
"Quirindi",1,3.69738805970149,"1-3",3.67358490566038,265,-0.023803154041115
"Quirindi",1,3.69738805970149,"4-6",3.7014598540146,274,0.00407179431310611
"Quirindi",1,3.69738805970149,"7+",3.82342995169082,414,0.126041891989329
"Randwick",1,3.225,"1-3",3.2064,1375,-0.0186000000000002
"Randwick",1,3.225,"4-6",3.18199404761905,1344,-0.0430059523809523
"Randwick",1,3.225,"7+",3.38772136953955,1694,0.162721369539551
"Rockhampton",1,3.73110432063673,"1-3",3.37449773169151,3086,-0.356606588945215
"Rockhampton",1,3.73110432063673,"4-6",3.6646490335707,2949,-0.0664552870660233
"Rockhampton",1,3.73110432063673,"7+",4.13838945827233,3415,0.407285137635602
"Rosehill",1,3.29348383786557,"1-3",2.83978102189781,822,-0.453702815967762
"Rosehill",1,3.29348383786557,"4-6",3.07876884422111,796,-0.214714993644467
"Rosehill",1,3.29348383786557,"7+",3.57000955109838,1047,0.276525713232804
"Sale",1,3.68102618920363,"1-3",3.53017591339648,739,-0.150850275807152
"Sale",1,3.68102618920363,"4-6",3.58590277777778,720,-0.0951234114258566
"Sale",1,3.68102618920363,"7+",3.77062363238512,914,0.0895974431814861
"Sandown",1,3.22305194805195,"1-3",3.27768115942029,345,0.0546292113683418
"Sandown",1,3.22305194805195,"4-6",3.19116809116809,351,-0.0318838568838569
"Sandown",1,3.22305194805195,"7+",3.22320574162679,418,0.00015379357484635
"Sapphire Coast",1,3.44814479638009,"1-3",3.04319526627219,507,-0.404949530107901
"Sapphire Coast",1,3.44814479638009,"4-6",3.46239316239316,468,0.0142483660130721
"Sapphire Coast",1,3.44814479638009,"7+",4.15488069414317,461,0.706735897763077
"Scone",1,3.88107177974435,"1-3",3.83721264367816,696,-0.0438591360661849
"Scone",1,3.88107177974435,"4-6",3.70028985507246,690,-0.180781924671882
"Scone",1,3.88107177974435,"7+",4.05118755118755,1221,0.170115771443205
"Seymour",1,3.59864757358791,"1-3",3.46488549618321,393,-0.133762077404701
"Seymour",1,3.59864757358791,"4-6",3.43129770992366,393,-0.167349863664243
"Seymour",1,3.59864757358791,"7+",3.78969465648855,524,0.191047082900642
"St Arnaud",1,2.71086956521739,"1-3",2.91627906976744,43,0.205409504550051
"St Arnaud",1,2.71086956521739,"4-6",2.96279069767442,43,0.251921132457027
"St Arnaud",1,2.71086956521739,"7+",3.09166666666667,36,0.380797101449275
"Stawell",1,3.38818181818182,"1-3",3.27761194029851,134,-0.110569877883311
"Stawell",1,3.38818181818182,"4-6",3.35111111111111,135,-0.0370707070707073
"Stawell",1,3.38818181818182,"7+",3.46363636363636,143,0.0754545454545457
"Stony Creek",1,3.81844106463878,"1-3",3.33243243243243,259,-0.486008632206351
"Stony Creek",1,3.81844106463878,"4-6",4.14586776859504,242,0.327426703956258
"Stony Creek",1,3.81844106463878,"7+",4.11780104712042,191,0.299359982481636
"Strathalbyn",1,3.78524046434494,"1-3",3.95759233926129,731,0.172351874916344
"Strathalbyn",1,3.78524046434494,"4-6",3.73463087248322,745,-0.0506095918617206
"Strathalbyn",1,3.78524046434494,"7+",3.71117788461538,832,-0.0740625797295573
"Sunshine Coast",1,3.4853668182717,"1-3",3.18140545761893,4141,-0.30396136065277
"Sunshine Coast",1,3.4853668182717,"4-6",3.49383527033855,3958,0.00846845206685209
"Sunshine Coast",1,3.4853668182717,"7+",3.8905586477015,4851,0.405191829429802
"Swan Hill",1,3.63852140077821,"1-3",3.76231155778894,199,0.123790157010735
"Swan Hill",1,3.63852140077821,"4-6",3.39484536082474,194,-0.243676039953468
"Swan Hill",1,3.63852140077821,"7+",4.01,270,0.37147859922179
"Tamworth",1,3.69940742924528,"1-3",3.38970065481759,1069,-0.309706774427697
"Tamworth",1,3.69940742924528,"4-6",3.6875329566855,1062,-0.0118744725597844
"Tamworth",1,3.69940742924528,"7+",3.86239206534422,1714,0.162984636098941
"Taree",1,3.54040636042403,"1-3",3.7838329764454,467,0.243426616021368
"Taree",1,3.54040636042403,"4-6",3.43930131004367,458,-0.10110505038036
"Taree",1,3.54040636042403,"7+",3.52995614035088,684,-0.0104502200731513
"Tatura",1,3.84952380952381,"1-3",3.52168674698795,166,-0.327837062535858
"Tatura",1,3.84952380952381,"4-6",4.01077844311377,167,0.161254633589963
"Tatura",1,3.84952380952381,"7+",4.25210526315789,190,0.402581453634085
"Terang",1,4.01529126213592,"1-3",3.52151394422311,502,-0.493777317912815
"Terang",1,4.01529126213592,"4-6",4.13497854077253,466,0.11968727863661
"Terang",1,4.01529126213592,"7+",4.19786910197869,657,0.182577839842769
"Toowoomba",1,3.83822222222222,"1-3",3.906,200,0.0677777777777782
"Toowoomba",1,3.83822222222222,"4-6",3.48071065989848,197,-0.357511562323745
"Toowoomba",1,3.83822222222222,"7+",4.3744966442953,149,0.53627442207308
"Townsville",1,3.5367417677643,"1-3",3.34954990215264,2555,-0.187191865611656
"Townsville",1,3.5367417677643,"4-6",3.39558764540714,2493,-0.141154122357158
"Townsville",1,3.5367417677643,"7+",3.74381121994657,3369,0.207069452182274
"Traralgon",1,3.76160714285714,"1-3",3.05636363636364,55,-0.705243506493507
"Traralgon",1,3.76160714285714,"4-6",3.60980392156863,51,-0.151803221288515
"Traralgon",1,3.76160714285714,"7+",4.21525423728814,59,0.453647094430993
"Tuncurry",1,4.05490463215259,"1-3",3.84682274247492,299,-0.208081889677672
"Tuncurry",1,4.05490463215259,"4-6",3.68374558303887,283,-0.371159049113719
"Tuncurry",1,4.05490463215259,"7+",4.13972911963883,443,0.0848244874862374
"Wagga",1,3.90076373491008,"1-3",3.71479289940828,1352,-0.185970835501792
"Wagga",1,3.90076373491008,"4-6",3.703286034354,1339,-0.197477700556081
"Wagga",1,3.90076373491008,"7+",4.11534211644709,2353,0.214578381537012
"Walcha",1,3.32148760330579,"1-3",2.778,50,-0.543487603305785
"Walcha",1,3.32148760330579,"4-6",3.422,50,0.100512396694215
"Walcha",1,3.32148760330579,"7+",3.80806451612903,62,0.486576912823247
"Wangaratta",1,3.97806722689076,"1-3",3.775,436,-0.203067226890756
"Wangaratta",1,3.97806722689076,"4-6",3.94202247191011,445,-0.0360447549806437
"Wangaratta",1,3.97806722689076,"7+",4.27070552147239,652,0.292638294581637
"Warracknabeal",1,3.91122625215889,"1-3",3.66124401913876,209,-0.249982233020139
"Warracknabeal",1,3.91122625215889,"4-6",4.0147619047619,210,0.10353565260301
"Warracknabeal",1,3.91122625215889,"7+",3.95412186379928,279,0.0428956116403882
"Warren",1,3.99862595419847,"1-3",3.78405172413793,232,-0.214574230060542
"Warren",1,3.99862595419847,"4-6",4.01826484018265,219,0.019638885984175
"Warren",1,3.99862595419847,"7+",4.15025510204082,392,0.151629147842343
"Warrnambool",1,3.53667400881057,"1-3",3.63755215577191,719,0.100878146961333
"Warrnambool",1,3.53667400881057,"4-6",3.40793201133144,706,-0.128741997479128
"Warrnambool",1,3.53667400881057,"7+",3.63693181818182,880,0.100257809371245
"Warwick Farm",1,3.25186736474695,"1-3",3.182,1200,-0.0698673647469459
"Warwick Farm",1,3.25186736474695,"4-6",3.13948030176027,1193,-0.112387062986678
"Warwick Farm",1,3.25186736474695,"7+",3.3986216402481,1451,0.146754275501159
"Werribee",1,3.53461538461538,"1-3",3.33940397350993,302,-0.195211411105451
"Werribee",1,3.53461538461538,"4-6",3.28404255319149,282,-0.250572831423895
"Werribee",1,3.53461538461538,"7+",3.91901140684411,263,0.384396022228722
"Wodonga",1,3.89175068744271,"1-3",3.61324435318275,487,-0.278506334259962
"Wodonga",1,3.89175068744271,"4-6",3.71673728813559,472,-0.17501339930712
"Wodonga",1,3.89175068744271,"7+",4.18582474226804,582,0.294074054825328
"Wyong",1,3.3130405175349,"1-3",3.2168506254599,1359,-0.0961898920750026
"Wyong",1,3.3130405175349,"4-6",3.2899852724595,1358,-0.0230552450754002
"Wyong",1,3.3130405175349,"7+",3.56641541038526,1194,0.25337489285036
"Yarra Valley",1,3.25225653206651,"1-3",3.17692307692308,169,-0.0753334551434315
"Yarra Valley",1,3.25225653206651,"4-6",2.98103448275862,174,-0.271222049307887
"Yarra Valley",1,3.25225653206651,"7+",3.568125,160,0.315868467933492
"Adelaide River",2,2.935,"1-3",2.75731707317073,82,-0.177682926829268
"Adelaide River",2,2.935,"4-6",2.95588235294118,68,0.0208823529411766
"Albany",2,3.42626879699248,"1-3",3.42626666666667,750,-0.00000213032581442008
"Albany",2,3.42626879699248,"4-6",3.36635514018692,749,-0.0599136568055654
"Albany",2,3.42626879699248,"7+",3.55487571701721,1046,0.128606920024727
"Albury",2,4.07251948051948,"1-3",4.21722379603399,353,0.144704315514513
"Albury",2,4.07251948051948,"4-6",3.93181818181818,363,-0.140701298701299
"Albury",2,4.07251948051948,"7+",4.04728373702422,578,-0.0252357434952595
"Alexandra",2,2.88048780487805,"1-3",2.8972027972028,143,0.0167149923247485
"Alexandra",2,2.88048780487805,"4-6",2.72155172413793,116,-0.158936080740117
"Alexandra",2,2.88048780487805,"7+",3.37169811320755,53,0.491210308329499
"Alice Springs",2,3.8071608040201,"1-3",3.82065131056394,1259,0.0134905065438393
"Alice Springs",2,3.8071608040201,"4-6",3.70083542188805,1197,-0.106325382132047
"Alice Springs",2,3.8071608040201,"7+",4.0753052917232,737,0.268144487703102
"Ararat",2,3.87529107373868,"1-3",3.49700598802395,334,-0.378285085714728
"Ararat",2,3.87529107373868,"4-6",3.84950495049505,303,-0.0257861232436309
"Ararat",2,3.87529107373868,"7+",4.21859154929578,355,0.343300475557095
"Armidale",2,3.86798882681564,"1-3",3.58632996632997,594,-0.281658860485676
"Armidale",2,3.86798882681564,"4-6",3.56730633802817,568,-0.300682488787474
"Armidale",2,3.86798882681564,"7+",4.25323562570462,887,0.38524679888898
"Ascot",2,3.33757680794076,"1-3",3.05183447098976,2344,-0.285742336950999
"Ascot",2,3.33757680794076,"4-6",3.21825362000878,2279,-0.119323187931984
"Ascot",2,3.33757680794076,"7+",3.68087878787879,3300,0.343301979938028
"Avoca",2,3.64604519774011,"1-3",3.34220779220779,154,-0.303837405532321
"Avoca",2,3.64604519774011,"4-6",3.71283783783784,148,0.0667926400977246
"Avoca",2,3.64604519774011,"7+",4.07857142857143,140,0.432526230831315
"Bairnsdale",2,4.00073891625616,"1-3",3.61241379310345,145,-0.388325123152709
"Bairnsdale",2,4.00073891625616,"4-6",3.84014084507042,142,-0.160598071185735
"Bairnsdale",2,4.00073891625616,"7+",4.18232323232323,198,0.181584316067075
"Balaklava",2,3.93778801843318,"1-3",3.62209302325581,86,-0.315694995177366
"Balaklava",2,3.93778801843318,"4-6",3.38045977011494,87,-0.557328248318237
"Balaklava",2,3.93778801843318,"7+",4.3075,80,0.36971198156682
"Ballarat",2,3.77762845849802,"1-3",3.53438735177866,506,-0.243241106719367
"Ballarat",2,3.77762845849802,"4-6",3.62165991902834,494,-0.155968539469684
"Ballarat",2,3.77762845849802,"7+",3.97393526405451,587,0.196306805556491
"Ballina",2,3.73593886462882,"1-3",3.29604700854701,936,-0.439891856081812
"Ballina",2,3.73593886462882,"4-6",3.68026755852843,897,-0.0556713061003928
"Ballina",2,3.73593886462882,"7+",4.1217259651779,1321,0.385787100549075
"Balnarring",2,3.39253731343284,"1-3",3.1141935483871,155,-0.278343765045739
"Balnarring",2,3.39253731343284,"4-6",3.54545454545455,121,0.15291723202171
"Balnarring",2,3.39253731343284,"7+",3.59193548387097,62,0.199398170438132
"Bathurst",2,3.73522727272727,"1-3",3.62093023255814,129,-0.114297040169133
"Bathurst",2,3.73522727272727,"4-6",3.63560975609756,123,-0.0996175166297117
"Bathurst",2,3.73522727272727,"7+",4.20671052631579,152,0.471483253588517
"Beaudesert",2,3.96648648648649,"1-3",3.45290322580645,155,-0.513583260680035
"Beaudesert",2,3.96648648648649,"4-6",3.97919463087248,149,0.0127081443859969
"Beaudesert",2,3.96648648648649,"7+",4.23417721518987,158,0.267690728703387
"Belmont",2,3.59533783783784,"1-3",3.25897350993377,2718,-0.336364327904063
"Belmont",2,3.59533783783784,"4-6",3.49961809417872,2697,-0.0957197436591208
"Belmont",2,3.59533783783784,"7+",3.97065169094051,4051,0.375313853102671
"Benalla",2,3.78989547038328,"1-3",3.71538461538462,104,-0.0745108549986599
"Benalla",2,3.78989547038328,"4-6",3.66237623762376,101,-0.127519232759513
"Benalla",2,3.78989547038328,"7+",4.16896551724138,116,0.379070046858104
"Bendigo",2,3.96972010178117,"1-3",3.60732600732601,273,-0.362394094455163
"Bendigo",2,3.96972010178117,"4-6",3.7912213740458,262,-0.178498727735369
"Bendigo",2,3.96972010178117,"7+",4.18708860759494,395,0.217368505813766
"Birdsville",2,3.74751131221719,"1-3",2.93893805309735,113,-0.80857325911985
"Birdsville",2,3.74751131221719,"4-6",3.73461538461538,104,-0.0128959276018099
"Birdsville",2,3.74751131221719,"7+",4.11176470588235,68,0.364253393665158
"Bordertown",2,3.78268156424581,"1-3",3.58012820512821,156,-0.202553359117605
"Bordertown",2,3.78268156424581,"4-6",3.94875,160,0.16606843575419
"Bordertown",2,3.78268156424581,"7+",3.91608391608392,143,0.133402351838106
"Bowen",2,3.49368029739777,"1-3",3.20357142857143,252,-0.290108868826341
"Bowen",2,3.49368029739777,"4-6",3.59409282700422,237,0.10041252960645
"Bowen",2,3.49368029739777,"7+",3.9060773480663,181,0.412397050668529
"Bowraville",2,3.51410256410256,"1-3",3.25165876777251,211,-0.262443796330052
"Bowraville",2,3.51410256410256,"4-6",3.70508474576271,177,0.190982181660148
"Bowraville",2,3.51410256410256,"7+",4.70769230769231,78,1.19358974358974
"Broome",2,3.85004240882103,"1-3",3.86121416526138,593,0.0111717564403477
"Broome",2,3.85004240882103,"4-6",3.82608695652174,552,-0.0239554522992957
"Broome",2,3.85004240882103,"7+",4.22121807465619,509,0.371175665835153
"Bunbury",2,3.63508064516129,"1-3",3.39343003412969,1172,-0.241650611031598
"Bunbury",2,3.63508064516129,"4-6",3.41768766177739,1159,-0.217392983383896
"Bunbury",2,3.63508064516129,"7+",3.96295162278016,1633,0.327870977618869
"Burrumbeet",2,3.36181818181818,"1-3",3.23975903614458,83,-0.122059145673604
"Burrumbeet",2,3.36181818181818,"4-6",3.46172839506173,81,0.0999102132435468
"Burrumbeet",2,3.36181818181818,"7+",3.14339622641509,53,-0.218421955403088
"Cairns",2,3.39442413162706,"1-3",3.31056782334385,634,-0.0838563082832082
"Cairns",2,3.39442413162706,"4-6",3.30987158908507,623,-0.0845525425419846
"Cairns",2,3.39442413162706,"7+",3.58152492668622,682,0.18710079505916
"Camperdown",2,4.77037037037037,"7+",4.71515151515151,33,-0.0552188552188557
"Canberra",2,3.77586206896552,"1-3",3.68789808917197,157,-0.087963979793543
"Canberra",2,3.77586206896552,"4-6",3.6858064516129,155,-0.0900556173526139
"Canberra",2,3.77586206896552,"7+",3.94478527607362,163,0.168923207108102
"Canterbury",2,3.164602876798,"1-3",2.8138500635324,787,-0.350752813265597
"Canterbury",2,3.164602876798,"4-6",3.26792963464141,739,0.103326757843409
"Canterbury",2,3.164602876798,"7+",3.40525477707006,628,0.240651900272065
"Carnarvon",2,4.11380126182965,"1-3",4.15977229601518,527,0.0459710341855279
"Carnarvon",2,4.11380126182965,"4-6",4.00379746835443,553,-0.110003793475222
"Carnarvon",2,4.11380126182965,"7+",4.20836177474403,586,0.0945605129143745
"Casterton",2,3.75449101796407,"1-3",3.6652719665272,239,-0.0892190514368751
"Casterton",2,3.75449101796407,"4-6",3.52355555555556,225,-0.230935462408516
"Casterton",2,3.75449101796407,"7+",4.07090301003344,299,0.316411992069373
"Caulfield",2,3.47922525868931,"1-3",3.28598679383712,1363,-0.193238464852183
"Caulfield",2,3.47922525868931,"4-6",3.39014705882353,1360,-0.0890781998657779
"Caulfield",2,3.47922525868931,"7+",3.70861200183234,2183,0.229386743143034
"Cessnock",2,3.73728590250329,"1-3",3.39680511182109,313,-0.340480790682208
"Cessnock",2,3.73728590250329,"4-6",3.44635761589404,302,-0.290928286609254
"Cessnock",2,3.73728590250329,"7+",4.49318181818182,396,0.755895915678524
"Clare",2,3.65366568914956,"1-3",3.73294117647059,170,0.079275487321028
"Clare",2,3.65366568914956,"4-6",3.29225806451613,155,-0.361407624633431
"Clare",2,3.65366568914956,"7+",3.46666666666667,117,-0.186999022482893
"Coffs Harbour",2,4.08993288590604,"1-3",4.4327868852459,61,0.342853999339861
"Coffs Harbour",2,4.08993288590604,"4-6",4.459375,64,0.369442114093959
"Coffs Harbour",2,4.08993288590604,"7+",3.67471264367816,87,-0.415220242227879
"Colac",2,3.65507246376812,"1-3",3.59084507042254,142,-0.0642273933455808
"Colac",2,3.65507246376812,"4-6",3.34758064516129,124,-0.307491818606826
"Colac",2,3.65507246376812,"7+",3.85234375,128,0.197271286231884
"Coleraine",2,3.67637795275591,"1-3",4.23870967741935,62,0.562331724663449
"Coleraine",2,3.67637795275591,"4-6",3.26164383561644,73,-0.414734117139467
"Coleraine",2,3.67637795275591,"7+",3.99489795918367,98,0.318520006427768
"Collie",2,3.85104166666667,"1-3",3.83265306122449,49,-0.0183886054421767
"Collie",2,3.85104166666667,"4-6",3.92826086956522,46,0.0772192028985508
"Collie",2,3.85104166666667,"7+",4.11315789473684,38,0.262116228070175
"Coonabarabran",2,3.88522167487685,"1-3",3.45645161290323,62,-0.428770061973621
"Coonabarabran",2,3.88522167487685,"4-6",3.25606060606061,66,-0.629161068816241
"Coonabarabran",2,3.88522167487685,"7+",4.49905660377359,106,0.613834928896738
"Corowa",2,3.82121807465619,"1-3",3.19811827956989,372,-0.623099795086296
"Corowa",2,3.82121807465619,"4-6",3.64818941504178,359,-0.173028659614406
"Corowa",2,3.82121807465619,"7+",4.45456389452333,493,0.633345819867138
"Cowra",2,4.20814332247557,"1-3",3.72846715328467,137,-0.479676169190899
"Cowra",2,4.20814332247557,"4-6",4.30676691729323,133,0.0986235948176626
"Cowra",2,4.20814332247557,"7+",4.16024844720497,161,-0.0478948752706012
"Cranbourne",2,3.71469115191987,"1-3",3.26540084388186,237,-0.44929030803801
"Cranbourne",2,3.71469115191987,"4-6",3.93041666666667,240,0.215725514746801
"Cranbourne",2,3.71469115191987,"7+",4.1368029739777,269,0.422111822057829
"Dalby",2,3.3969512195122,"1-3",3.21927710843373,83,-0.17767411107846
"Dalby",2,3.3969512195122,"4-6",3.48767123287671,73,0.0907200133645172
"Dalby",2,3.3969512195122,"7+",3.87272727272727,66,0.475776053215077
"Donald",2,3.65963149078727,"1-3",3.29468599033816,207,-0.364945500449105
"Donald",2,3.65963149078727,"4-6",3.96801801801802,222,0.308386527230748
"Donald",2,3.65963149078727,"7+",4.00960264900662,302,0.349971158219353
"Dongara",2,3.49469696969697,"1-3",3.2695652173913,46,-0.225131752305665
"Dongara",2,3.49469696969697,"4-6",3.31632653061224,49,-0.178370439084725
"Dongara",2,3.49469696969697,"7+",4.01081081081081,37,0.516113841113841
"Doomben",2,3.62740369558409,"1-3",3.16229508196721,1220,-0.465108613616877
"Doomben",2,3.62740369558409,"4-6",3.63956043956044,1183,0.0121567439763495
"Doomben",2,3.62740369558409,"7+",3.83751493428913,1674,0.210111238705038
"Dunkeld",2,3.47976878612717,"1-3",3.32962962962963,81,-0.150139156497538
"Dunkeld",2,3.47976878612717,"4-6",3.51948051948052,77,0.0397117333533519
"Dunkeld",2,3.47976878612717,"7+",3.7890625,64,0.309293713872832
"Eagle Farm",2,3.88672566371681,"1-3",3.60147058823529,272,-0.28525507548152
"Eagle Farm",2,3.88672566371681,"4-6",3.80193798449612,258,-0.0847876792206903
"Eagle Farm",2,3.88672566371681,"7+",4.19283819628647,377,0.306112532569658
"Echuca",2,4.01235356762513,"1-3",3.51121212121212,330,-0.501141446413012
"Echuca",2,4.01235356762513,"4-6",4.12691131498471,327,0.114557747359576
"Echuca",2,4.01235356762513,"7+",4.19773242630385,441,0.185378858678722
"Edenhope",2,3.93502109704641,"1-3",3.18695652173913,92,-0.748064575307283
"Edenhope",2,3.93502109704641,"4-6",3.93170731707317,82,-0.00331377997324278
"Edenhope",2,3.93502109704641,"7+",4.64356435643564,101,0.70854325938923
"Esperance",2,3.29140292867265,"1-3",3.2140931372549,816,-0.0773097914177483
"Esperance",2,3.29140292867265,"4-6",3.15605326876513,826,-0.135349659907517
"Esperance",2,3.29140292867265,"7+",3.62757417102967,1146,0.336171242357018
"Fannie Bay",2,3.95486425339367,"1-3",3.76272321428571,448,-0.192141039107951
"Fannie Bay",2,3.95486425339367,"4-6",4.10047961630695,417,0.145615362913289
"Fannie Bay",2,3.95486425339367,"7+",4.3782967032967,364,0.423432449903038
"Flemington",2,3.92032520325203,"1-3",3.96553398058252,206,0.0452087773304917
"Flemington",2,3.92032520325203,"4-6",3.58550724637681,207,-0.334817956875221
"Flemington",2,3.92032520325203,"7+",4.26134453781513,357,0.341019334563093
"Forbes",2,3.504,"1-3",3.18947368421053,38,-0.314526315789474
"Forbes",2,3.504,"4-6",3.60540540540541,37,0.101405405405405
"Forbes",2,3.504,"7+",3.77872340425532,47,0.274723404255319
"Gatton",2,3.8732635585157,"1-3",3.48419689119171,386,-0.38906666732399
"Gatton",2,3.8732635585157,"4-6",3.81623711340206,388,-0.0570264451136371
"Gatton",2,3.8732635585157,"7+",4.2952,500,0.421936441484301
"Gawler",2,3.80990099009901,"1-3",3.57151979565773,783,-0.238381194441283
"Gawler",2,3.80990099009901,"4-6",3.82993464052288,765,0.0200336504238661
"Gawler",2,3.80990099009901,"7+",4.16538922155689,835,0.355488231457876
"Geelong",2,3.80542920029347,"1-3",3.57628865979381,485,-0.229140540499656
"Geelong",2,3.80542920029347,"4-6",3.54948240165631,483,-0.255946798637156
"Geelong",2,3.80542920029347,"7+",4.07908587257618,722,0.273656672282707
"Geraldton",2,3.74806131650135,"1-3",3.45258620689655,464,-0.295475109604801
"Geraldton",2,3.74806131650135,"4-6",3.74405594405594,429,-0.00400537244540855
"Geraldton",2,3.74806131650135,"7+",3.93718166383701,589,0.189120347335659
"Gilgandra",2,3.74701492537313,"1-3",3.89615384615385,52,0.149138920780712
"Gilgandra",2,3.74701492537313,"4-6",3.36734693877551,49,-0.379667986597624
"Gilgandra",2,3.74701492537313,"7+",3.6469696969697,66,-0.100045228403437
"Glen Innes",2,3.61275167785235,"1-3",3.7,54,0.087248322147651
"Glen Innes",2,3.61275167785235,"4-6",3.77692307692308,52,0.164171399070728
"Glen Innes",2,3.61275167785235,"7+",3.92435897435897,78,0.311607296506625
"Gold Coast",2,3.58379070618368,"1-3",3.39878714372347,3298,-0.185003562460212
"Gold Coast",2,3.58379070618368,"4-6",3.51656288916563,3212,-0.0672278170180518
"Gold Coast",2,3.58379070618368,"7+",3.85669366364936,4198,0.272902957465676
"Gosford",2,3.30087399854334,"1-3",3.125,648,-0.175873998543336
"Gosford",2,3.30087399854334,"4-6",3.30716666666667,600,0.00629266812333107
"Gosford",2,3.30087399854334,"7+",3.68969957081545,466,0.388825572272115
"Goulburn",2,3.70478468899522,"1-3",3.76829268292683,82,0.0635079939316139
"Goulburn",2,3.70478468899522,"4-6",3.67532467532468,77,-0.0294600136705401
"Goulburn",2,3.70478468899522,"7+",4.21428571428571,105,0.509501025290499
"Grafton",2,3.60553191489362,"1-3",3.44432989690722,194,-0.1612020179864
"Grafton",2,3.60553191489362,"4-6",3.6731843575419,179,0.0676524426482827
"Grafton",2,3.60553191489362,"7+",4.03899082568807,218,0.433458910794457
"Great Western",2,3.44201183431953,"1-3",2.94891304347826,92,-0.493098790841266
"Great Western",2,3.44201183431953,"4-6",3.22352941176471,85,-0.218482422554821
"Great Western",2,3.44201183431953,"7+",3.91621621621622,37,0.474204381896689
"Gunbower",2,3.67983193277311,"1-3",3.15675675675676,37,-0.523075176016352
"Gunbower",2,3.67983193277311,"4-6",3.065,40,-0.614831932773109
"Gunbower",2,3.67983193277311,"7+",4.72619047619048,42,1.04635854341737
"Gundagai",2,3.52103565365025,"1-3",3.6057671957672,189,0.0847315421169412
"Gundagai",2,3.52103565365025,"4-6",3.31515151515151,198,-0.20588413849874
"Gundagai",2,3.52103565365025,"7+",3.68083067092652,313,0.159795017276263
"Gunnedah",2,4.01524520255864,"1-3",3.38360655737705,366,-0.631638645181587
"Gunnedah",2,4.01524520255864,"4-6",3.90973451327434,339,-0.1055106892843
"Gunnedah",2,4.01524520255864,"7+",4.37359550561798,534,0.358350303059342
"Halidon",2,3.822,"1-3",4.2325,40,0.4105
"Halidon",2,3.822,"4-6",3.72195121951219,41,-0.100048780487805
"Halidon",2,3.822,"7+",3.76774193548387,62,-0.0542580645161292
"Hamilton",2,3.53711340206186,"1-3",3.32903225806452,62,-0.208081143997339
"Hamilton",2,3.53711340206186,"4-6",3.58166666666667,60,0.044553264604811
"Hamilton",2,3.53711340206186,"7+",3.4547619047619,84,-0.0823514972999506
"Healesville",2,3.43775038520801,"1-3",3.39637883008357,359,-0.0413715551244471
"Healesville",2,3.43775038520801,"4-6",3.31715210355987,309,-0.120598281648142
"Healesville",2,3.43775038520801,"7+",3.46745562130178,169,0.0297052360937626
"Hobart",2,3.66063157894737,"1-3",3.62817869415808,582,-0.0324528847892926
"Hobart",2,3.66063157894737,"4-6",3.44543795620438,548,-0.215193622742988
"Hobart",2,3.66063157894737,"7+",3.66917404129794,678,0.00854246235056699
"Horsham",2,3.59250720461095,"1-3",3.47215189873418,158,-0.120355305876774
"Horsham",2,3.59250720461095,"4-6",3.54105960264901,151,-0.0514476019619448
"Horsham",2,3.59250720461095,"7+",3.60760869565217,184,0.0151014910412228
"Inverell",2,3.86618497109827,"1-3",3.7953488372093,129,-0.0708361338889634
"Inverell",2,3.86618497109827,"4-6",3.71707317073171,123,-0.149111800366558
"Inverell",2,3.86618497109827,"7+",4.22707182320442,181,0.360886852106154
"Ipswich",2,3.54334941419711,"1-3",3.38253205128205,624,-0.160817362915054
"Ipswich",2,3.54334941419711,"4-6",3.38282504012841,623,-0.160524374068695
"Ipswich",2,3.54334941419711,"7+",3.84622356495468,662,0.302874150757577
"Kangaroo Island",2,3.53004201680672,"1-3",3.29659090909091,264,-0.233451107715814
"Kangaroo Island",2,3.53004201680672,"4-6",3.45605381165919,223,-0.0739882051475296
"Kangaroo Island",2,3.53004201680672,"7+",4.55181818181818,110,1.02177616501146
"Katherine",2,3.78148148148148,"1-3",3.58833333333333,60,-0.193148148148148
"Katherine",2,3.78148148148148,"4-6",4.1625,48,0.381018518518518
"Kembla Grange",2,3.62680652680653,"1-3",3.54736842105263,209,-0.0794381057538951
"Kembla Grange",2,3.62680652680653,"4-6",3.38770053475936,187,-0.239105992047168
"Kembla Grange",2,3.62680652680653,"7+",3.7,195,0.0731934731934736
"Kempsey",2,3.5404958677686,"1-3",3.55620437956204,274,0.0157085117934486
"Kempsey",2,3.5404958677686,"4-6",3.51335740072202,277,-0.0271384670465733
"Kempsey",2,3.5404958677686,"7+",3.68840970350404,371,0.147913835735448
"Kerang",2,3.76536796536797,"1-3",3.68039215686274,102,-0.0849758085052206
"Kerang",2,3.76536796536797,"4-6",3.56435643564356,101,-0.201011529724401
"Kerang",2,3.76536796536797,"7+",4.13263157894737,95,0.367263613579403
"Kilcoy",2,3.88130968622101,"1-3",3.52185430463576,302,-0.359455381585248
"Kilcoy",2,3.88130968622101,"4-6",3.72230215827338,278,-0.159007527947628
"Kilcoy",2,3.88130968622101,"7+",4.58432055749129,287,0.70301087127028
"Kilmore",2,3.74091760299625,"1-3",3.75167464114833,418,0.0107570381520707
"Kilmore",2,3.74091760299625,"4-6",3.58120481927711,415,-0.159712783719146
"Kilmore",2,3.74091760299625,"7+",3.98954918032787,488,0.248631577331614
"King Island",2,2.63643926788686,"1-3",2.63002364066194,423,-0.00641562722491651
"King Island",2,2.63643926788686,"4-6",3.06338461538462,325,0.42694534749776
"Kyneton",2,3.82006578947368,"1-3",3.73518518518519,486,-0.0848806042884989
"Kyneton",2,3.82006578947368,"4-6",3.65843373493976,498,-0.161632054533925
"Kyneton",2,3.82006578947368,"7+",3.98353982300885,565,0.163474033535165
"Launceston",2,3.34962406015038,"1-3",3.00139616055846,1146,-0.348227899591912
"Launceston",2,3.34962406015038,"4-6",3.27054125998225,1127,-0.0790828001681221
"Launceston",2,3.34962406015038,"7+",3.83423160961398,1373,0.484607549463608
"Leinster",2,3.793125,"1-3",3.65779816513761,109,-0.135326834862385
"Leinster",2,3.793125,"4-6",3.60869565217391,92,-0.184429347826087
"Lismore",2,3.97080291970803,"1-3",3.85192307692308,52,-0.118879842784952
"Lismore",2,3.97080291970803,"4-6",3.75106382978723,47,-0.219739089920795
"Lismore",2,3.97080291970803,"7+",4.35735294117647,68,0.386550021468441
"Longford",2,3.27113402061856,"1-3",3.06593406593407,91,-0.205199954684491
"Longford",2,3.27113402061856,"4-6",3.4752808988764,89,0.204146878257848
"Longford",2,3.27113402061856,"7+",3.88421052631579,57,0.613076505697233
"Mackay",2,3.51094819159335,"1-3",3.33040254237288,472,-0.180545649220472
"Mackay",2,3.51094819159335,"4-6",3.32748868778281,442,-0.183459503810547
"Mackay",2,3.51094819159335,"7+",4.17029702970297,404,0.659348838109618
"Manangatang",2,3.4965034965035,"1-3",3.73636363636364,66,0.23986013986014
"Manangatang",2,3.4965034965035,"4-6",2.95373134328358,67,-0.542772153219915
"Manangatang",2,3.4965034965035,"7+",3.53561643835616,73,0.0391129418526677
"Mansfield",2,3.34569892473118,"1-3",3.25619047619048,105,-0.0895084485407067
"Mansfield",2,3.34569892473118,"4-6",3.09746835443038,79,-0.248230570300803
"Mildura",2,3.73604240282686,"1-3",3.67016129032258,124,-0.0658811125042749
"Mildura",2,3.73604240282686,"4-6",3.63389830508475,118,-0.10214409774211
"Mildura",2,3.73604240282686,"7+",3.792,125,0.0559575971731445
"Mingenew",2,4.04327485380117,"1-3",4.23424657534247,73,0.190971721541296
"Mingenew",2,4.04327485380117,"4-6",4.05324675324675,77,0.00997189944558396
"Mingenew",2,4.04327485380117,"7+",3.846875,64,-0.19639985380117
"Moe",2,3.61464487743558,"1-3",3.90843585237258,569,0.293790974937008
"Moe",2,3.61464487743558,"4-6",3.45434412265758,587,-0.160300754777994
"Moe",2,3.61464487743558,"7+",3.51135135135135,740,-0.103293526084224
"Moonee Valley",2,3.30392054364872,"1-3",3.22903645833333,768,-0.0748840853153858
"Moonee Valley",2,3.30392054364872,"4-6",3.23787680209699,763,-0.0660437415517334
"Moonee Valley",2,3.30392054364872,"7+",3.55502590673575,965,0.251105363087032
"Moora",2,3.21973684210526,"1-3",3.71363636363636,44,0.4938995215311
"Moora",2,3.21973684210526,"4-6",3.08333333333333,42,-0.13640350877193
"Moree",2,3.7254004576659,"1-3",3.51183431952663,338,-0.213566138139277
"Moree",2,3.7254004576659,"4-6",3.81871165644172,326,0.093311198775814
"Moree",2,3.7254004576659,"7+",3.85793450881612,397,0.132534051150217
"Mornington",2,3.37370423204945,"1-3",3.19169363538296,927,-0.182010596666497
"Mornington",2,3.37370423204945,"4-6",3.22276688453159,918,-0.150937347517863
"Mornington",2,3.37370423204945,"7+",3.64775280898876,890,0.274048576939311
"Morphettville",2,3.54728442115293,"1-3",3.37641509433962,1696,-0.170869326813307
"Morphettville",2,3.54728442115293,"4-6",3.39113241461953,1669,-0.156152006533397
"Morphettville",2,3.54728442115293,"7+",3.90601066408143,2063,0.358726242928505
"Moruya",2,3.36313747228381,"1-3",3.59706362153344,613,0.233926149249628
"Moruya",2,3.36313747228381,"4-6",3.09141494435612,629,-0.271722527927693
"Moruya",2,3.36313747228381,"7+",3.5305641025641,975,0.167426630280289
"Mount Barker",2,3.31455696202532,"1-3",3.06962025316456,79,-0.244936708860759
"Mount Barker",2,3.31455696202532,"4-6",3.62317073170732,82,0.308613769682001
"Mount Barker",2,3.31455696202532,"7+",3.37894736842105,76,0.0643904063957361
"Mount Gambier",2,3.76781437125749,"1-3",3.60920634920635,315,-0.158608022051136
"Mount Gambier",2,3.76781437125749,"4-6",3.71182108626198,313,-0.0559932849955045
"Mount Gambier",2,3.76781437125749,"7+",3.76016260162602,369,-0.00765176963146885
"Mount Isa",2,3.58597816960537,"1-3",3.8018341307815,627,0.215855961176126
"Mount Isa",2,3.58597816960537,"4-6",3.55594827586207,580,-0.0300298937433046
"Mount Isa",2,3.58597816960537,"7+",3.62447129909366,331,0.0384931294882818
"Mudgee",2,3.75228714524207,"1-3",3.65371179039301,458,-0.0985753548490571
"Mudgee",2,3.75228714524207,"4-6",3.86970387243736,439,0.117416727195288
"Mudgee",2,3.75228714524207,"7+",3.86916201117318,537,0.116874865931114
"Murray Bridge",2,4.10594795539033,"1-3",4.1928,125,0.0868520446096657
"Murray Bridge",2,4.10594795539033,"4-6",3.77,120,-0.335947955390334
"Murray Bridge",2,4.10594795539033,"7+",4.27698412698413,126,0.171036171593792
"Murtoa",2,4.040625,"1-3",3.17878787878788,33,-0.861837121212122
"Murtoa",2,4.040625,"7+",4.30188679245283,53,0.26126179245283
"Murwillumbah",2,3.54502228826152,"1-3",3.35942028985507,276,-0.185601998406443
"Murwillumbah",2,3.54502228826152,"4-6",3.52769784172662,278,-0.017324446534897
"Murwillumbah",2,3.54502228826152,"7+",3.76081504702194,319,0.215792758760428
"Muswellbrook",2,3.83104426002766,"1-3",3.68260437375746,503,-0.148439886270207
"Muswellbrook",2,3.83104426002766,"4-6",3.57451866404715,509,-0.256525595980511
"Muswellbrook",2,3.83104426002766,"7+",4.18738011695906,855,0.356335856931402
"Naracoorte",2,3.59299847792998,"1-3",3.3,312,-0.292998477929985
"Naracoorte",2,3.59299847792998,"4-6",3.38908450704225,284,-0.203913970887731
"Naracoorte",2,3.59299847792998,"7+",4.09377777777778,225,0.500779299847793
"Narrandera",2,4.03013245033113,"1-3",3.77934782608696,92,-0.25078462424417
"Narrandera",2,4.03013245033113,"4-6",3.94090909090909,88,-0.0892233594220353
"Narrandera",2,4.03013245033113,"7+",4.14751773049645,141,0.117385280165328
"Narrogin",2,3.35524652338812,"1-3",3.07525510204082,392,-0.2799914213473
"Narrogin",2,3.35524652338812,"4-6",3.34458762886598,388,-0.0106588945221366
"Narrogin",2,3.35524652338812,"7+",3.72199312714777,291,0.36674660375965
"Narromine",2,3.88776978417266,"1-3",3.42173913043478,92,-0.466030653737879
"Narromine",2,3.88776978417266,"4-6",3.92111111111111,90,0.0333413269384493
"Narromine",2,3.88776978417266,"7+",4.11304347826087,161,0.225273694088207
"Newcastle",2,3.4881288282948,"1-3",3.36098506069094,2142,-0.127143767603861
"Newcastle",2,3.4881288282948,"4-6",3.37827602449364,2123,-0.109852803801163
"Newcastle",2,3.4881288282948,"7+",3.57503697259678,2299,0.0869081443019777
"Nhill",2,3.46666666666667,"1-3",3.36575342465753,73,-0.100913242009133
"Nhill",2,3.46666666666667,"4-6",3.5134328358209,67,0.0467661691542287
"Northam",2,3.5004417261298,"1-3",3.17856598016781,1311,-0.321875745961989
"Northam",2,3.5004417261298,"4-6",3.25241433021807,1284,-0.248027395911731
"Northam",2,3.5004417261298,"7+",3.94298850574713,1740,0.442546779617327
"Nowra",2,3.41005586592179,"1-3",3.40532212885154,357,-0.00473373707024738
"Nowra",2,3.41005586592179,"4-6",3.0835734870317,347,-0.326482378890088
"Nowra",2,3.41005586592179,"7+",3.61820224719101,445,0.208146381269223
"Oakbank",2,3.81382978723404,"1-3",3.91376146788991,109,0.0999316806558657
"Oakbank",2,3.81382978723404,"4-6",3.90521739130435,115,0.0913876040703054
"Oakbank",2,3.81382978723404,"7+",3.5216,125,-0.292229787234043
"Orange",2,3.89239631336406,"1-3",3.64393063583815,346,-0.248465677525905
"Orange",2,3.89239631336406,"4-6",3.97791044776119,335,0.0855141343971386
"Orange",2,3.89239631336406,"7+",3.94646924829157,439,0.0540729349275164
"Pakenham",2,3.76254416961131,"1-3",4.02679738562091,153,0.264253216009608
"Pakenham",2,3.76254416961131,"4-6",3.39483870967742,155,-0.367705459933888
"Pakenham",2,3.76254416961131,"7+",3.8921875,192,0.129643330388693
"Penola",2,3.77059308072488,"1-3",3.5734,500,-0.197193080724877
"Penola",2,3.77059308072488,"4-6",3.72410147991543,473,-0.0464916008094431
"Penola",2,3.77059308072488,"7+",4.03145833333333,480,0.260865252608457
"Pinjarra",2,3.5757343550447,"1-3",3.37173144876325,283,-0.204002906281449
"Pinjarra",2,3.5757343550447,"4-6",3.43862068965517,290,-0.137113665389528
"Pinjarra",2,3.5757343550447,"7+",3.7169014084507,426,0.141167053406004
"Port Augusta",2,4.12189349112426,"1-3",3.67428115015974,626,-0.447612340964516
"Port Augusta",2,4.12189349112426,"4-6",4.06168717047452,569,-0.0602063206497441
"Port Augusta",2,4.12189349112426,"7+",4.44339250493097,507,0.321499013806706
"Port Hedland",2,3.44807692307692,"1-3",3.5484693877551,392,0.100392464678179
"Port Hedland",2,3.44807692307692,"4-6",3.28575268817204,372,-0.16232423490488
"Port Hedland",2,3.44807692307692,"7+",3.48465608465608,189,0.0365791615791613
"Port Lincoln",2,3.43228228228228,"1-3",3.39385749385749,814,-0.0384247884247886
"Port Lincoln",2,3.43228228228228,"4-6",3.46182728410513,799,0.0295450018228491
"Port Lincoln",2,3.43228228228228,"7+",3.60907150480256,937,0.176789222520279
"Port Macquarie",2,3.94179331306991,"1-3",4.06078431372549,459,0.118991000655581
"Port Macquarie",2,3.94179331306991,"4-6",3.85481798715203,467,-0.0869753259178747
"Port Macquarie",2,3.94179331306991,"7+",4.04792626728111,651,0.106132954211197
"Queanbeyan",2,3.90882638215325,"1-3",3.40538641686183,427,-0.503439965291423
"Queanbeyan",2,3.90882638215325,"4-6",3.91029411764706,408,0.0014677354938093
"Queanbeyan",2,3.90882638215325,"7+",4.32064676616915,402,0.411820384015904
"Quirindi",2,3.5555737704918,"1-3",3.49122807017544,228,-0.0643457003163643
"Quirindi",2,3.5555737704918,"4-6",3.46392694063927,219,-0.0916468298525337
"Quirindi",2,3.5555737704918,"7+",3.79565217391304,299,0.24007840342124
"Randwick",2,3.36326996197719,"1-3",3.20323488045007,1422,-0.160035081527116
"Randwick",2,3.36326996197719,"4-6",3.36418439716312,1410,0.000914435185934259
"Randwick",2,3.36326996197719,"7+",3.4875529661017,1888,0.124283004124509
"Rockhampton",2,3.46395348837209,"1-3",3.36555555555556,90,-0.0983979328165376
"Rockhampton",2,3.46395348837209,"4-6",2.87701149425287,87,-0.586941994119219
"Rockhampton",2,3.46395348837209,"7+",4.35454545454545,44,0.890591966173361
"Roebourne",2,3.31005747126437,"1-3",3.0465,200,-0.263557471264368
"Roebourne",2,3.31005747126437,"4-6",3.50315789473684,190,0.193100423472474
"Roebourne",2,3.31005747126437,"7+",3.75111111111111,90,0.441053639846743
"Roma",2,4.05192479856759,"1-3",4.02030651340996,522,-0.0316182851576308
"Roma",2,4.05192479856759,"4-6",3.97290076335878,524,-0.0790240352088136
"Roma",2,4.05192479856759,"7+",4.37990654205607,428,0.327981743488483
"Rosehill",2,3.3,"1-3",2.98313953488372,1032,-0.316860465116279
"Rosehill",2,3.3,"4-6",3.22875494071146,1012,-0.0712450592885374
"Rosehill",2,3.3,"7+",3.6201555411536,1543,0.320155541153597
"Sale",2,3.82354066985646,"1-3",3.79029187817259,788,-0.0332487916838704
"Sale",2,3.82354066985646,"4-6",3.7295625,800,-0.093978169856459
"Sale",2,3.82354066985646,"7+",3.80338409475465,1182,-0.0201565751018058
"Sandown",2,3.58466006149641,"1-3",3.64697802197802,2184,0.0623179604816091
"Sandown",2,3.58466006149641,"4-6",3.39391462306994,2202,-0.190745438426476
"Sandown",2,3.58466006149641,"7+",3.68392630241423,3148,0.0992662409178187
"Sapphire Coast",2,3.74652014652015,"1-3",3.51454005934718,337,-0.231980087172965
"Sapphire Coast",2,3.74652014652015,"4-6",3.77360248447205,322,0.027082337951903
"Sapphire Coast",2,3.74652014652015,"7+",4.07967479674797,369,0.333154650227821
"Scone",2,3.81398130841121,"1-3",3.68110859728507,884,-0.132872711126147
"Scone",2,3.81398130841121,"4-6",3.74367160775371,877,-0.0703097006575089
"Scone",2,3.81398130841121,"7+",3.90013623978202,1468,0.0861549313708014
"Seymour",2,3.75716034271726,"1-3",3.51259842519685,254,-0.244561917520408
"Seymour",2,3.75716034271726,"4-6",3.93923076923077,260,0.182070426513511
"Seymour",2,3.75716034271726,"7+",3.79299363057325,314,0.0358332878559899
"Stawell",2,3.79267822736031,"1-3",3.71038961038961,385,-0.0822886169706978
"Stawell",2,3.79267822736031,"4-6",3.71968503937008,381,-0.0729931879902295
"Stawell",2,3.79267822736031,"7+",3.8957528957529,518,0.103074668392587
"Stony Creek",2,3.74271844660194,"1-3",3.62929292929293,99,-0.113425517309012
"Stony Creek",2,3.74271844660194,"4-6",3.40352941176471,85,-0.339189034837236
"Stony Creek",2,3.74271844660194,"7+",4.39885057471264,87,0.656132128110702
"Strathalbyn",2,3.96576271186441,"1-3",4.35867052023121,346,0.392907808366807
"Strathalbyn",2,3.96576271186441,"4-6",3.85885714285714,350,-0.106905569007264
"Strathalbyn",2,3.96576271186441,"7+",3.67626728110599,434,-0.289495430758416
"Sunshine Coast",2,3.42288537549407,"1-3",3.2468045112782,1064,-0.176080864215876
"Sunshine Coast",2,3.42288537549407,"4-6",3.38150346191889,1011,-0.041381913575179
"Sunshine Coast",2,3.42288537549407,"7+",3.96726825266612,1219,0.544382877172048
"Swan Hill",2,3.96377277599143,"1-3",3.74582043343653,323,-0.217952342554893
"Swan Hill",2,3.96377277599143,"4-6",3.82733118971061,311,-0.136441586280815
"Swan Hill",2,3.96377277599143,"7+",4.06794171220401,549,0.104168936212582
"Tamworth",2,3.9498820754717,"1-3",3.81877133105802,293,-0.131110744413677
"Tamworth",2,3.9498820754717,"4-6",3.80484429065744,289,-0.145037784814258
"Tamworth",2,3.9498820754717,"7+",4.07576470588235,425,0.125882630410655
"Taree",2,3.76198606271777,"1-3",3.49956674473068,854,-0.262419317987091
"Taree",2,3.76198606271777,"4-6",3.70956725146199,855,-0.0524188112557815
"Taree",2,3.76198606271777,"7+",3.91609570041609,1442,0.154109637698319
"Tatura",2,3.5993006993007,"1-3",3.45647668393782,193,-0.142824015362875
"Tatura",2,3.5993006993007,"4-6",3.77513513513514,185,0.175834435834436
"Tatura",2,3.5993006993007,"7+",3.85474860335196,179,0.255447904051256
"Tennant Creek",2,3.48080808080808,"1-3",3.97454545454545,55,0.493737373737374
"Tennant Creek",2,3.48080808080808,"4-6",3.36491228070175,57,-0.115895800106327
"Terang",2,3.97443181818182,"1-3",3.59285714285714,70,-0.381574675324675
"Terang",2,3.97443181818182,"4-6",3.8952380952381,63,-0.0791937229437232
"Terang",2,3.97443181818182,"7+",4.061,100,0.0865681818181816
"Texas",2,3.61881188118812,"1-3",3.03392857142857,56,-0.584883309759547
"Texas",2,3.61881188118812,"4-6",3.93846153846154,52,0.31964965727342
"Texas",2,3.61881188118812,"7+",3.509375,32,-0.109436881188119
"Toodyay",2,3.27741935483871,"1-3",3.07746478873239,71,-0.199954566106315
"Toodyay",2,3.27741935483871,"4-6",3.85921052631579,76,0.58179117147708
"Toodyay",2,3.27741935483871,"7+",3.51964285714286,56,0.242223502304148
"Toowoomba",2,3.82416048073524,"1-3",3.65329847144006,2486,-0.170862009295178
"Toowoomba",2,3.82416048073524,"4-6",3.71382623224729,2394,-0.110334248487957
"Toowoomba",2,3.82416048073524,"7+",4.125,2412,0.300839519264758
"Townsville",2,3.5803664921466,"1-3",3.44386503067485,326,-0.13650146147175
"Townsville",2,3.5803664921466,"4-6",3.6128526645768,319,0.0324861724302057
"Townsville",2,3.5803664921466,"7+",3.71280193236715,414,0.132435440220553
"Towong",2,3.49594594594595,"1-3",3.21014492753623,69,-0.285801018409714
"Towong",2,3.49594594594595,"4-6",3.57285714285714,70,0.0769111969111971
"Towong",2,3.49594594594595,"7+",4.39591836734694,49,0.899972421400993
"Traralgon",2,4.05245901639344,"7+",4.37179487179487,39,0.319335855401429
"Tullibigeal",2,3.13666666666667,"1-3",3.28297872340426,47,0.146312056737589
"Tullibigeal",2,3.13666666666667,"4-6",3.06363636363636,33,-0.0730303030303032
"Tuncurry",2,3.97265625,"1-3",3.93023255813953,43,-0.0424236918604652
"Tuncurry",2,3.97265625,"4-6",3.74807692307692,52,-0.224579326923077
"Tuncurry",2,3.97265625,"7+",4.01612903225806,62,0.0434727822580649
"Wagga",2,3.83849585723391,"1-3",3.59229287090559,519,-0.246202986328319
"Wagga",2,3.83849585723391,"4-6",3.68502772643253,541,-0.153468130801375
"Wagga",2,3.83849585723391,"7+",4.14026128266033,842,0.301765425426425
"Walcha",2,3.76231884057971,"1-3",3.67058823529412,34,-0.0917306052855928
"Walcha",2,3.76231884057971,"7+",4.85294117647059,34,1.09062233589088
"Wangaratta",2,3.90029607698001,"1-3",3.93924050632911,474,0.0389444293490993
"Wangaratta",2,3.90029607698001,"4-6",3.75229166666667,480,-0.148004410313348
"Wangaratta",2,3.90029607698001,"7+",3.93651452282158,723,0.0362184458415618
"Warracknabeal",2,3.82790697674419,"1-3",3.70129032258065,155,-0.126616654163541
"Warracknabeal",2,3.82790697674419,"4-6",3.64716981132075,159,-0.180737165423431
"Warracknabeal",2,3.82790697674419,"7+",4.13205128205128,234,0.304144305307096
"Warrnambool",2,3.78084577114428,"1-3",3.7780269058296,446,-0.00281886531468212
"Warrnambool",2,3.78084577114428,"4-6",3.76053268765133,413,-0.0203130834929466
"Warrnambool",2,3.78084577114428,"7+",3.98595890410959,584,0.205113132965311
"Warwick",2,3.73146682897139,"1-3",3.60289115646259,588,-0.128575672508809
"Warwick",2,3.73146682897139,"4-6",3.4756993006993,572,-0.255767528272093
"Warwick",2,3.73146682897139,"7+",4.15086633663366,808,0.41939950766227
"Warwick Farm",2,3.05743740795287,"1-3",2.94384858044164,317,-0.113588827511231
"Warwick Farm",2,3.05743740795287,"4-6",3.0617747440273,293,0.00433733607443187
"Warwick Farm",2,3.05743740795287,"7+",3.222,350,0.164562592047128
"Wellington",2,3.98120380147835,"1-3",3.32365269461078,334,-0.657551106867575
"Wellington",2,3.98120380147835,"4-6",3.635,340,-0.346203801478353
"Wellington",2,3.98120380147835,"7+",4.50501002004008,499,0.523806218561727
"Werribee",2,3.72256169212691,"1-3",3.7844776119403,335,0.061915919813389
"Werribee",2,3.72256169212691,"4-6",3.55074626865672,335,-0.171815423470193
"Werribee",2,3.72256169212691,"7+",3.87040572792363,419,0.147844035796719
"Wodonga",2,3.91942740286299,"1-3",3.52824074074074,216,-0.391186662122245
"Wodonga",2,3.91942740286299,"4-6",3.57128205128205,195,-0.348145351580935
"Wodonga",2,3.91942740286299,"7+",4.06692307692308,260,0.147495674060091
"Wyong",2,3.36511056511057,"1-3",3.48050632911392,395,0.115395764003359
"Wyong",2,3.36511056511057,"4-6",3.1464824120603,398,-0.218628153050263
"Wyong",2,3.36511056511057,"7+",3.80384615384615,286,0.438735588735589
"Yarra Valley",2,3.55780969479354,"1-3",3.3689497716895,219,-0.188859923104039
"Yarra Valley",2,3.55780969479354,"4-6",3.58564814814815,216,0.0278384533546117
"Yarra Valley",2,3.55780969479354,"7+",3.77226890756303,238,0.214459212769488
"Yeppoon",2,3.57106299212598,"1-3",3.3065306122449,245,-0.264532379881087
"Yeppoon",2,3.57106299212598,"4-6",3.40087719298246,228,-0.170185799143528
"Yeppoon",2,3.57106299212598,"7+",4.21446540880503,159,0.643402416679047
"York",2,3.07917383820998,"1-3",2.86613545816733,502,-0.213038380042652
"York",2,3.07917383820998,"4-6",2.72848360655738,488,-0.350690231652606
"York",2,3.07917383820998,"7+",3.55550847457627,472,0.476334636366289
"Albany",3,3.39171597633136,"1-3",3.39134808853119,497,-0.000367887800174049
"Albany",3,3.39171597633136,"4-6",3.43754940711462,506,0.0458334307832633
"Albany",3,3.39171597633136,"7+",3.55206611570248,726,0.160350139371118
"Albury",3,4.18118811881188,"1-3",4.32051282051282,39,0.139324701700939
"Albury",3,4.18118811881188,"4-6",3.66451612903226,31,-0.516671989779623
"Albury",3,4.18118811881188,"7+",4.12553191489362,47,-0.0556562039182635
"Alice Springs",3,3.77484848484848,"1-3",3.5675944333996,503,-0.207254051448882
"Alice Springs",3,3.77484848484848,"4-6",3.80599173553719,484,0.031143250688705
"Alice Springs",3,3.77484848484848,"7+",4.25297450424929,353,0.478126019400807
"Ararat",3,3.79737417943107,"1-3",3.48051282051282,195,-0.316861358918252
"Ararat",3,3.79737417943107,"4-6",3.88651685393258,178,0.0891426745015118
"Ararat",3,3.79737417943107,"7+",3.94711111111111,225,0.149736931680039
"Armidale",3,3.74621262458472,"1-3",3.47067796610169,118,-0.275534658483023
"Armidale",3,3.74621262458472,"4-6",4.00115044247788,113,0.254937817893158
"Armidale",3,3.74621262458472,"7+",3.98230215827338,139,0.236089533688664
"Ascot",3,3.50677587490692,"1-3",3.23226452905812,499,-0.274511345848809
"Ascot",3,3.50677587490692,"4-6",3.41716566866267,501,-0.0896102062442501
"Ascot",3,3.50677587490692,"7+",3.80159651669086,689,0.294820641783931
"Bairnsdale",3,3.76363636363636,"1-3",3.40140845070423,71,-0.362227912932138
"Bairnsdale",3,3.76363636363636,"4-6",4.24864864864865,74,0.485012285012285
"Bairnsdale",3,3.76363636363636,"7+",4.05172413793103,87,0.288087774294671
"Ballina",3,4.00714285714286,"1-3",3.8987012987013,77,-0.108441558441558
"Ballina",3,4.00714285714286,"4-6",3.33424657534247,73,-0.672896281800391
"Ballina",3,4.00714285714286,"7+",4.10824742268041,97,0.101104565537555
"Beaudesert",3,3.63882352941176,"1-3",3.685,40,0.0461764705882355
"Beaudesert",3,3.63882352941176,"4-6",3.93243243243243,37,0.293608903020668
"Cairns",3,3.73602941176471,"1-3",3.87981651376147,109,0.143787101996762
"Cairns",3,3.73602941176471,"4-6",3.61372549019608,102,-0.122303921568627
"Cairns",3,3.73602941176471,"7+",3.39189189189189,148,-0.344137519872814
"Camperdown",3,3.98170731707317,"4-6",4.10645161290323,31,0.124744295830055
"Camperdown",3,3.98170731707317,"7+",4.12641509433962,53,0.144707777266452
"Caulfield",3,3.70148148148148,"1-3",3.65420560747664,107,-0.0472758740048462
"Caulfield",3,3.70148148148148,"4-6",3.89126213592233,103,0.189780654440848
"Caulfield",3,3.70148148148148,"7+",3.67727272727273,132,-0.0242087542087543
"Cessnock",3,3.49022556390977,"1-3",3.28848167539267,191,-0.201743888517104
"Cessnock",3,3.49022556390977,"4-6",3.53818181818182,165,0.0479562542720435
"Cessnock",3,3.49022556390977,"7+",3.91508379888268,179,0.424858234972907
"Coleraine",3,3.83461538461538,"7+",4.4875,40,0.652884615384615
"Cranbourne",3,3.54411764705882,"1-3",3.27592592592593,54,-0.268191721132897
"Cranbourne",3,3.54411764705882,"4-6",3.71379310344828,58,0.169675456389453
"Cranbourne",3,3.54411764705882,"7+",3.91833333333333,60,0.37421568627451
"Echuca",3,3.96675794085433,"1-3",3.52603550295858,338,-0.440722437895746
"Echuca",3,3.96675794085433,"4-6",3.90015576323988,321,-0.0666021776144508
"Echuca",3,3.96675794085433,"7+",4.33812154696133,362,0.371363606107
"Fannie Bay",3,3.908,"1-3",3.70592592592593,270,-0.202074074074074
"Fannie Bay",3,3.908,"4-6",4.11846153846154,260,0.210461538461538
"Fannie Bay",3,3.908,"7+",4.27322175732218,239,0.365221757322176
"Gold Coast",3,3.68495114006515,"1-3",3.49093701996928,651,-0.194014120095868
"Gold Coast",3,3.68495114006515,"4-6",3.54919871794872,624,-0.135752422116429
"Gold Coast",3,3.68495114006515,"7+",4.02153236459709,757,0.336581224531947
"Gosford",3,3.99014084507042,"1-3",3.74090909090909,44,-0.249231754161332
"Gosford",3,3.99014084507042,"4-6",3.47948717948718,39,-0.510653665583243
"Gunnedah",3,3.63333333333333,"1-3",3.00416666666667,48,-0.629166666666666
"Gunnedah",3,3.63333333333333,"4-6",4.08444444444444,45,0.451111111111111
"Gunnedah",3,3.63333333333333,"7+",4.4625,56,0.829166666666667
"Hanging Rock",3,3.8,"1-3",3.36666666666667,63,-0.433333333333333
"Hanging Rock",3,3.8,"4-6",4.06326530612245,49,0.263265306122449
"Hanging Rock",3,3.8,"7+",4.91136363636364,44,1.11136363636364
"Horsham",3,4.02233009708738,"1-3",4.275,52,0.252669902912622
"Horsham",3,4.02233009708738,"4-6",3.98260869565217,46,-0.0397214014352043
"Horsham",3,4.02233009708738,"7+",3.93061224489796,49,-0.0917178521894191
"Kalgoorlie",3,3.45132934131737,"1-3",3.38018666666667,375,-0.0711426746506989
"Kalgoorlie",3,3.45132934131737,"4-6",3.51013262599469,377,0.0588032846773294
"Kalgoorlie",3,3.45132934131737,"7+",3.71496240601504,399,0.263633064697672
"Kempsey",3,3.7625,"1-3",3.52794117647059,68,-0.234558823529412
"Kempsey",3,3.7625,"4-6",3.67462686567164,67,-0.0878731343283583
"Kempsey",3,3.7625,"7+",3.59428571428571,70,-0.168214285714286
"Kerang",3,3.57352941176471,"1-3",3.553125,32,-0.020404411764706
"Kerang",3,3.57352941176471,"4-6",3.85161290322581,31,0.2780834914611
"Kerang",3,3.57352941176471,"7+",3.44516129032258,31,-0.128368121442125
"Kilcoy",3,3.69017857142857,"1-3",3.50097087378641,103,-0.189207697642164
"Kilcoy",3,3.69017857142857,"4-6",3.47311827956989,93,-0.217060291858679
"Kilcoy",3,3.69017857142857,"7+",3.88651685393258,89,0.196338282504013
"Launceston",3,3.46395424836601,"1-3",3.19595524956971,1162,-0.267998998796306
"Launceston",3,3.46395424836601,"4-6",3.32937554969217,1137,-0.134578698673841
"Launceston",3,3.46395424836601,"7+",3.85961290322581,1550,0.395658654859793
"Moe",3,3.84068322981366,"1-3",3.9265,200,0.0858167701863355
"Moe",3,3.84068322981366,"4-6",3.40339805825243,206,-0.437285171561237
"Moe",3,3.84068322981366,"7+",4.04789156626506,332,0.207208336451396
"Moonee Valley",3,3.52781641168289,"1-3",3.47943143812709,598,-0.0483849735558026
"Moonee Valley",3,3.52781641168289,"4-6",3.21943521594684,602,-0.308381195736049
"Moonee Valley",3,3.52781641168289,"7+",3.82454417952314,713,0.296727767840249
"Mornington",3,3.47361835245047,"1-3",3.28463302752294,436,-0.188985324927534
"Mornington",3,3.47361835245047,"4-6",3.37,430,-0.103618352450469
"Mornington",3,3.47361835245047,"7+",3.8822265625,512,0.408608210049531
"Morphettville",3,3.82225877192982,"1-3",3.39783653846154,416,-0.424422233468286
"Morphettville",3,3.82225877192982,"4-6",3.72072538860104,386,-0.101533383328789
"Morphettville",3,3.82225877192982,"7+",3.86584158415842,404,0.0435828122285913
"Moruya",3,3.32150537634409,"1-3",3.82619047619048,42,0.504685099846391
"Moruya",3,3.32150537634409,"4-6",2.54146341463415,41,-0.780041961709939
"Moruya",3,3.32150537634409,"7+",3.55454545454545,55,0.233040078201369
"Mudgee",3,3.95772594752187,"1-3",3.79565217391304,115,-0.162073773608822
"Mudgee",3,3.95772594752187,"4-6",3.57899159663866,119,-0.37873435088321
"Mudgee",3,3.95772594752187,"7+",4.25,184,0.292274052478134
"Muswellbrook",3,3.69487442922374,"1-3",3.37893203883495,309,-0.315942390388793
"Muswellbrook",3,3.69487442922374,"4-6",3.45725806451613,310,-0.237616364707615
"Muswellbrook",3,3.69487442922374,"7+",4.04058064516129,465,0.345706215937546
"Naracoorte",3,4.08571428571429,"1-3",3.91197916666667,192,-0.173735119047619
"Naracoorte",3,4.08571428571429,"4-6",3.90714285714286,168,-0.178571428571428
"Naracoorte",3,4.08571428571429,"7+",4.68994708994709,189,0.604232804232804
"Narrogin",3,3.58961038961039,"1-3",3.49820359281437,167,-0.0914067967960186
"Narrogin",3,3.58961038961039,"4-6",3.52594936708861,158,-0.063661022521782
"Narrogin",3,3.58961038961039,"7+",3.7280701754386,171,0.138459785828207
"Newcastle",3,3.82451178451178,"1-3",3.71403141361257,191,-0.110480370899219
"Newcastle",3,3.82451178451178,"4-6",3.69491712707182,181,-0.129594657439962
"Newcastle",3,3.82451178451178,"7+",4.02522522522522,222,0.20071344071344
"Northam",3,3.60135869565217,"1-3",3.45686274509804,204,-0.144495950554135
"Northam",3,3.60135869565217,"4-6",3.55760869565217,184,-0.0437500000000002
"Northam",3,3.60135869565217,"7+",3.85444444444444,180,0.25308574879227
"Oakbank",3,4.00714285714286,"1-3",4.62631578947368,38,0.619172932330827
"Oakbank",3,4.00714285714286,"4-6",3.62244897959184,49,-0.38469387755102
"Oakbank",3,4.00714285714286,"7+",4.1171875,64,0.110044642857143
"Orange",3,3.85894736842105,"1-3",3.46060606060606,99,-0.398341307814992
"Orange",3,3.85894736842105,"4-6",3.81442307692308,104,-0.0445242914979755
"Orange",3,3.85894736842105,"7+",4.15714285714286,133,0.298195488721805
"Randwick",3,3.41339563862928,"1-3",3.13504043126685,371,-0.278355207362437
"Randwick",3,3.41339563862928,"4-6",3.34210526315789,361,-0.0712903754713889
"Randwick",3,3.41339563862928,"7+",3.820823798627,437,0.407428159997719
"Rosehill",3,3.77701283547258,"1-3",3.36666666666667,348,-0.410346168805912
"Rosehill",3,3.77701283547258,"4-6",3.51586402266289,353,-0.261148812809689
"Rosehill",3,3.77701283547258,"7+",4.16977225672878,483,0.3927594212562
"Sale",3,3.75793838862559,"1-3",3.56092715231788,151,-0.197011236307711
"Sale",3,3.75793838862559,"4-6",3.73449367088608,158,-0.0234447177395163
"Sale",3,3.75793838862559,"7+",3.96871794871795,195,0.210779560092357
"Sandown",3,3.8794623655914,"1-3",3.69428571428571,315,-0.185176651305683
"Sandown",3,3.8794623655914,"4-6",3.95873015873016,315,0.0792677931387611
"Sandown",3,3.8794623655914,"7+",4.05831622176591,487,0.178853856174516
"Seymour",3,3.52276119402985,"1-3",3.2725,80,-0.250261194029851
"Seymour",3,3.52276119402985,"4-6",3.66707317073171,82,0.144311976701856
"Seymour",3,3.52276119402985,"7+",3.6,106,0.0772388059701492
"Stony Creek",3,3.68151260504202,"1-3",3.24705882352941,102,-0.434453781512605
"Stony Creek",3,3.68151260504202,"4-6",3.79052631578947,95,0.109013710747457
"Stony Creek",3,3.68151260504202,"7+",3.67676767676768,99,-0.0047449282743397
"Sunshine Coast",3,3.6552752293578,"1-3",3.7247311827957,186,0.0694559534379007
"Sunshine Coast",3,3.6552752293578,"4-6",3.43626373626374,182,-0.219011493094062
"Sunshine Coast",3,3.6552752293578,"7+",3.87073170731707,164,0.215456477959275
"Swan Hill",3,4.10816733067729,"1-3",3.97604790419162,167,-0.132119426485674
"Swan Hill",3,4.10816733067729,"4-6",4.1811320754717,159,0.0729647447944073
"Swan Hill",3,4.10816733067729,"7+",4.07641196013289,301,-0.0317553705444
"Taree",3,3.86509975062344,"1-3",3.83907894736842,304,-0.0260208032550207
"Taree",3,3.86509975062344,"4-6",3.72706666666667,300,-0.138033083956775
"Taree",3,3.86509975062344,"7+",3.97019736842105,456,0.105097617797611
"Tatura",3,4.05742574257426,"1-3",3.3547619047619,42,-0.702663837812353
"Tatura",3,4.05742574257426,"4-6",3.88611111111111,36,-0.171314631463146
"Tatura",3,4.05742574257426,"7+",4.61111111111111,36,0.553685368536853
"Terang",3,4.1378640776699,"1-3",3.80731707317073,41,-0.330547004499171
"Terang",3,4.1378640776699,"4-6",4.11190476190476,42,-0.0259593157651414
"Terang",3,4.1378640776699,"7+",4.68604651162791,43,0.548182433958004
"Toowoomba",3,3.71657794676806,"1-3",3.73897763578275,626,0.0223996890146867
"Toowoomba",3,3.71657794676806,"4-6",3.71419141914191,606,-0.00238652762614677
"Toowoomba",3,3.71657794676806,"7+",4.06507276507276,481,0.348494818304704
"Traralgon",3,3.52258064516129,"1-3",2.96451612903226,31,-0.558064516129032
"Traralgon",3,3.52258064516129,"7+",3.75882352941176,34,0.236242884250474
"Walcha",3,3.54832214765101,"1-3",3.20294117647059,68,-0.345380971180418
"Walcha",3,3.54832214765101,"4-6",3.49193548387097,62,-0.0563866637800392
"Walcha",3,3.54832214765101,"7+",3.83538461538462,65,0.287062467733608
"Wangaratta",3,4.25772594752187,"1-3",3.78759124087591,137,-0.470134706645954
"Wangaratta",3,4.25772594752187,"4-6",4.348,125,0.0902740524781338
"Wangaratta",3,4.25772594752187,"7+",4.42247191011236,178,0.164745962590493
"Warwick Farm",3,3.15919395465995,"1-3",2.98655913978495,186,-0.172634814875003
"Warwick Farm",3,3.15919395465995,"4-6",3.77616279069767,172,0.616968836037725
"Warwick Farm",3,3.15919395465995,"7+",3.02121212121212,165,-0.137981833447828
"Wellington",3,3.86469344608879,"1-3",3.85705521472393,163,-0.00763823136486819
"Wellington",3,3.86469344608879,"4-6",3.74444444444444,162,-0.12024900164435
"Wellington",3,3.86469344608879,"7+",3.89791666666667,240,0.033223220577872
"Werribee",3,3.91589958158996,"1-3",3.86632653061224,98,-0.0495730509777133
"Werribee",3,3.91589958158996,"4-6",4.14565217391304,92,0.229752592323085
"Werribee",3,3.91589958158996,"7+",3.79545454545455,110,-0.120445036135413
"Wyong",3,3.66689419795222,"1-3",3.49685039370079,127,-0.170043804251431
"Wyong",3,3.66689419795222,"4-6",3.54296875,128,-0.123925447952218
"Wyong",3,3.66689419795222,"7+",3.73333333333333,90,0.0664391353811151
"Yarra Valley",3,3.52947845804989,"1-3",3.14285714285714,175,-0.386621315192744
"Yarra Valley",3,3.52947845804989,"4-6",3.78034682080925,173,0.250868362759362
"Yarra Valley",3,3.52947845804989,"7+",3.66734693877551,196,0.137868480725624
"Albany",4,3.36916996047431,"1-3",3.28333333333333,180,-0.0858366271409752
"Albany",4,3.36916996047431,"4-6",3.51395348837209,172,0.144783527897784
"Albany",4,3.36916996047431,"7+",3.65454545454545,231,0.285375494071146
"Clare",4,4.03563218390805,"1-3",3.97444444444444,90,-0.0611877394636013
"Clare",4,4.03563218390805,"4-6",3.86913580246914,81,-0.16649638143891
"Clare",4,4.03563218390805,"7+",3.96825396825397,63,-0.0673782156540774
"Fannie Bay",4,4.81923076923077,"7+",5.66451612903226,31,0.845285359801489
"Gold Coast",4,3.65422077922078,"1-3",3.34154929577465,142,-0.312671483446131
"Gold Coast",4,3.65422077922078,"4-6",3.41627906976744,129,-0.237941709453337
"Gold Coast",4,3.65422077922078,"7+",4.07423312883436,163,0.420012349613577
"Ipswich",4,3.85738916256158,"1-3",3.76369047619048,168,-0.0936986863710998
"Ipswich",4,3.85738916256158,"4-6",3.85283018867925,159,-0.00455897388233106
"Ipswich",4,3.85738916256158,"7+",4.05474860335196,179,0.197359440790379
"Kalgoorlie",4,3.60074074074074,"1-3",3.73768115942029,69,0.136940418679549
"Kalgoorlie",4,3.60074074074074,"4-6",3.5984126984127,63,-0.00232804232804229
"Kalgoorlie",4,3.60074074074074,"7+",3.88208955223881,67,0.281348811498065
"Kilcoy",4,3.98198757763975,"1-3",3.39242424242424,66,-0.589563335215509
"Kilcoy",4,3.98198757763975,"4-6",3.83492063492064,63,-0.147066942719116
"Kilcoy",4,3.98198757763975,"7+",4.46842105263158,57,0.486433474991828
"Launceston",4,3.7453074433657,"1-3",3.52460317460317,252,-0.220704268762521
"Launceston",4,3.7453074433657,"4-6",3.85,238,0.104692556634304
"Launceston",4,3.7453074433657,"7+",4.01107266435986,289,0.265765220994166
"Moe",4,3.89713375796178,"1-3",3.76842105263158,95,-0.128712705330204
"Moe",4,3.89713375796178,"4-6",3.99622641509434,106,0.0990926571325561
"Moe",4,3.89713375796178,"7+",4.07177914110429,163,0.174645383142511
"Moonee Valley",4,3.95368421052632,"1-3",3.85369127516779,298,-0.0999929353585305
"Moonee Valley",4,3.95368421052632,"4-6",3.89143835616438,292,-0.0622458543619322
"Moonee Valley",4,3.95368421052632,"7+",4.06118980169972,353,0.107505591173401
"Mornington",4,3.57298474945534,"1-3",3.33333333333333,171,-0.239651416122004
"Mornington",4,3.57298474945534,"4-6",3.93023255813953,172,0.357247808684197
"Mornington",4,3.57298474945534,"7+",3.66124401913876,209,0.0882592696834181
"Morphettville",4,3.92638655462185,"1-3",3.83125,272,-0.095136554621849
"Morphettville",4,3.92638655462185,"4-6",3.6412213740458,262,-0.285165180576047
"Morphettville",4,3.92638655462185,"7+",4.30119521912351,251,0.374808664501657
"Mount Gambier",4,3.92014388489209,"1-3",3.89473684210526,76,-0.0254070427868229
"Mount Gambier",4,3.92014388489209,"4-6",3.64935064935065,77,-0.270793235541437
"Mount Gambier",4,3.92014388489209,"7+",4.28227848101266,79,0.362134596120572
"Mudgee",4,4.15,"1-3",4.25217391304348,46,0.102173913043478
"Mudgee",4,4.15,"4-6",3.36818181818182,44,-0.781818181818182
"Mudgee",4,4.15,"7+",4.43661971830986,71,0.286619718309859
"Muswellbrook",4,3.84444444444444,"1-3",3.71428571428571,126,-0.13015873015873
"Muswellbrook",4,3.84444444444444,"4-6",3.74108527131783,129,-0.103359173126615
"Muswellbrook",4,3.84444444444444,"7+",4.02912621359223,206,0.184681769147789
"Naracoorte",4,3.85378486055777,"1-3",3.78380952380952,105,-0.0699753367482447
"Naracoorte",4,3.85378486055777,"4-6",3.69473684210526,114,-0.159048018452506
"Naracoorte",4,3.85378486055777,"7+",4.14868421052632,76,0.294899349968547
"Newcastle",4,3.7625,"1-3",3.57309417040359,223,-0.189405829596413
"Newcastle",4,3.7625,"4-6",3.86586538461538,208,0.103365384615385
"Newcastle",4,3.7625,"7+",3.64666666666667,180,-0.115833333333334
"Orange",4,3.78548387096774,"1-3",3.01475409836066,61,-0.770729772607087
"Orange",4,3.78548387096774,"4-6",4.04901960784314,51,0.263535736875395
"Orange",4,3.78548387096774,"7+",4.26333333333333,60,0.477849462365592
"Port Lincoln",4,3.94241877256318,"1-3",3.57142857142857,203,-0.370990201134605
"Port Lincoln",4,3.94241877256318,"4-6",3.53940886699507,203,-0.403009905568103
"Port Lincoln",4,3.94241877256318,"7+",4.32267657992565,269,0.380257807362473
"Queanbeyan",4,3.57814207650273,"1-3",3.79876543209877,81,0.220623355596033
"Queanbeyan",4,3.57814207650273,"4-6",3.28591549295775,71,-0.292226583544986
"Queanbeyan",4,3.57814207650273,"7+",3.50886075949367,79,-0.0692813170090614
"Randwick",4,3.83913043478261,"1-3",3.4312925170068,147,-0.407837917775806
"Randwick",4,3.83913043478261,"4-6",3.4722972972973,148,-0.366833137485311
"Randwick",4,3.83913043478261,"7+",4.167,200,0.327869565217391
"Rosehill",4,3.55977011494253,"1-3",3.10705882352941,85,-0.452711291413117
"Rosehill",4,3.55977011494253,"4-6",3.63428571428571,70,0.0745155993431856
"Rosehill",4,3.55977011494253,"7+",3.84647887323944,71,0.286708758296908
"Sandown",4,3.29711538461538,"1-3",2.85454545454545,44,-0.44256993006993
"Sandown",4,3.29711538461538,"4-6",3.61607142857143,56,0.318956043956044
"Sandown",4,3.29711538461538,"7+",3.61794871794872,39,0.320833333333333
"St Arnaud",4,3.24761904761905,"4-6",3.11290322580645,31,-0.134715821812596
"Swan Hill",4,3.70096153846154,"1-3",3.50975609756098,82,-0.191205440900563
"Swan Hill",4,3.70096153846154,"4-6",3.8289156626506,83,0.127954124189064
"Swan Hill",4,3.70096153846154,"7+",3.58269230769231,104,-0.118269230769231
"Taree",4,3.99741666666667,"1-3",3.70640449438202,89,-0.291012172284644
"Taree",4,3.99741666666667,"4-6",3.67215053763441,93,-0.325266129032258
"Taree",4,3.99741666666667,"7+",4.29050632911392,158,0.293089662447258
"Toowoomba",4,3.68461538461538,"1-3",3.33667953667954,259,-0.347935847935848
"Toowoomba",4,3.68461538461538,"4-6",3.78945147679325,237,0.104836092177865
"Toowoomba",4,3.68461538461538,"7+",3.97918552036199,221,0.294570135746607
"Wellington",4,3.94346153846154,"1-3",3.10204081632653,98,-0.841420722135008
"Wellington",4,3.94346153846154,"4-6",4.1343137254902,102,0.190852187028658
"Wellington",4,3.94346153846154,"7+",4.48698630136986,146,0.543524762908325
"Werribee",4,4.21744186046512,"7+",4.65,46,0.432558139534884
"Yarra Valley",4,3.87594594594595,"1-3",4.03602941176471,136,0.16008346581876
"Yarra Valley",4,3.87594594594595,"4-6",3.47153284671533,137,-0.404413099230617
"Yarra Valley",4,3.87594594594595,"7+",3.6463687150838,179,-0.229577230862147
"Moonee Valley",5,3.73512544802867,"1-3",3.33061224489796,98,-0.404513203130715
"Moonee Valley",5,3.73512544802867,"4-6",3.94646464646465,99,0.211339198435973
"Moonee Valley",5,3.73512544802867,"7+",3.79465648854962,131,0.0595310405209446
"Mornington",5,3.728,"1-3",3.84245283018868,106,0.114452830188679
"Mornington",5,3.728,"4-6",3.44766355140187,107,-0.280336448598131
"Mornington",5,3.728,"7+",3.59609375,128,-0.13190625
"Morphettville",5,4.0827868852459,"1-3",3.17291666666667,48,-0.909870218579235
"Morphettville",5,4.0827868852459,"4-6",4.12857142857143,42,0.0457845433255262
"Morphettville",5,4.0827868852459,"7+",4.26326530612245,49,0.180478420876547
"Moonee Valley",6,3.20112359550562,"1-3",2.8025641025641,39,-0.398559492941516
"Moonee Valley",6,3.20112359550562,"4-6",3.33333333333333,39,0.132209737827715
"Moonee Valley",6,3.20112359550562,"7+",3.17352941176471,34,-0.0275941837409124
"Moruya",22,3.75779816513761,"1-3",4.06451612903226,31,0.306717963894643
"Moruya",22,3.75779816513761,"4-6",3.734375,32,-0.0234231651376149
"Moruya",22,3.75779816513761,"7+",3.56739130434783,46,-0.190406860789789
