"ExpPirCat","venuename","Bends","margfin","avgmargfin","n","ExpPirAdj"
"BM","Flemington",0,3.99333333333333,3.59833881396136,285,0.394994519371975
"L","Flemington",0,3.21539338654504,3.59833881396136,877,-0.382945427416318
"MF","Flemington",0,3.63511530398323,3.59833881396136,954,0.0367764900218708
"OF","Flemington",0,3.71619469026549,3.59833881396136,565,0.117855876304129
"OP","Flemington",0,3.4316573556797,3.59833881396136,1074,-0.166681458281656
"BM","Albury",1,5.19478260869565,3.97566676058601,115,1.21911584810964
"L","Albury",1,2.77816091954023,3.97566676058601,87,-1.19750584104578
"MF","Albury",1,3.91538461538462,3.97566676058601,91,-0.0602821452013971
"OF","Albury",1,4.1752688172043,3.97566676058601,93,0.199602056618289
"OP","Albury",1,3.81473684210526,3.97566676058601,95,-0.160929918480749
"BM","Ascot",1,4.31703703703704,3.27059768556793,1215,1.04643935146911
"L","Ascot",1,2.52956152758133,3.27059768556793,1414,-0.741036157986598
"MF","Ascot",1,3.1339229311434,3.27059768556793,1583,-0.136674754424529
"OF","Ascot",1,3.48157019294744,3.27059768556793,1503,0.210972507379511
"OP","Ascot",1,2.89089673913043,3.27059768556793,1472,-0.379700946437493
"BM","Bairnsdale",1,5.63703703703704,4.22256244156244,54,1.4144745954746
"L","Bairnsdale",1,2.94459459459459,4.22256244156244,74,-1.27796784696785
"MF","Bairnsdale",1,4.05857142857143,4.22256244156244,70,-0.163991012991013
"OF","Bairnsdale",1,5.24423076923077,4.22256244156244,52,1.02166832766833
"OP","Bairnsdale",1,3.22837837837838,4.22256244156244,74,-0.994184063184063
"BM","Balaklava",1,4.92156862745098,3.7866925050394,51,1.13487612241158
"L","Balaklava",1,2.79117647058824,3.7866925050394,102,-0.995516034451164
"MF","Balaklava",1,3.74588235294118,3.7866925050394,85,-0.0408101520982225
"OF","Balaklava",1,3.95147058823529,3.7866925050394,68,0.164778083195895
"OP","Balaklava",1,3.52336448598131,3.7866925050394,107,-0.263328019058091
"BM","Ballarat",1,4.70726351351351,3.81071132292463,592,0.896552190588888
"L","Ballarat",1,3.08173575129534,3.81071132292463,772,-0.728975571629289
"MF","Ballarat",1,3.73054522924411,3.81071132292463,807,-0.080166093680512
"OF","Ballarat",1,4.11437861271676,3.81071132292463,692,0.303667289792137
"OP","Ballarat",1,3.4196335078534,3.81071132292463,764,-0.391077815071223
"BM","Balnarring",1,6.5,3.38333333333333,1,1.06955455286384
"L","Balnarring",1,1.7,3.38333333333333,4,-0.924015755938997
"MF","Balnarring",1,3.16666666666667,3.38333333333333,3,-0.090221572989505
"OF","Balnarring",1,2.8,3.38333333333333,1,0.358382575859891
"OP","Balnarring",1,2.75,3.38333333333333,4,-0.444167040746402
"BM","Bathurst",1,5.45655737704918,4.21637665672018,61,1.240180720329
"L","Bathurst",1,2.67306306306306,4.21637665672018,111,-1.54331359365712
"MF","Bathurst",1,4.54644444444444,4.21637665672018,90,0.330067787724265
"OF","Bathurst",1,4.91925925925926,4.21637665672018,81,0.702882602539081
"OP","Bathurst",1,3.48655913978495,4.21637665672018,93,-0.729817516935233
"BM","Beaudesert",1,5.52083333333333,3.81439953372093,72,1.7064337996124
"L","Beaudesert",1,2.65483870967742,3.81439953372093,93,-1.15956082404351
"MF","Beaudesert",1,3.41341463414634,3.81439953372093,82,-0.400984899574592
"OF","Beaudesert",1,4.32317073170732,3.81439953372093,82,0.508771197986383
"OP","Beaudesert",1,3.15974025974026,3.81439953372093,77,-0.654659273980674
"BM","Belmont",1,4.3693137254902,3.36697072748029,102,1.0023429980099
"L","Belmont",1,2.64098130841121,3.36697072748029,214,-0.725989419069077
"MF","Belmont",1,3.10133640552995,3.36697072748029,217,-0.265634321950338
"OF","Belmont",1,3.99128342245989,3.36697072748029,187,0.624312694979601
"OP","Belmont",1,2.7319387755102,3.36697072748029,196,-0.635031951970088
"BM","Benalla",1,4.17979797979798,3.68052201732278,198,0.499275962475201
"L","Benalla",1,3.06852791878173,3.68052201732278,197,-0.611994098541053
"MF","Benalla",1,3.89611111111111,3.68052201732278,180,0.215589093788333
"OF","Benalla",1,3.96538461538462,3.68052201732278,208,0.284862598061837
"OP","Benalla",1,3.29278846153846,3.68052201732278,208,-0.387733555784317
"BM","Bendigo",1,4.3213630406291,3.68971062444231,763,0.631652416186784
"L","Bendigo",1,3.03922764227642,3.68971062444231,738,-0.650482982165888
"MF","Bendigo",1,3.69125,3.68971062444231,800,0.00153937555768913
"OF","Bendigo",1,4.05103092783505,3.68971062444231,776,0.36132030339274
"OP","Bendigo",1,3.34568151147099,3.68971062444231,741,-0.344029112971326
"BM","Bordertown",1,4.81666666666667,3.72786116130925,42,1.08880550535742
"L","Bordertown",1,2.49452054794521,3.72786116130925,73,-1.23334061336405
"MF","Bordertown",1,3.14821428571429,3.72786116130925,56,-0.579646875594965
"OF","Bordertown",1,4.95263157894737,3.72786116130925,38,1.22477041763812
"OP","Bordertown",1,3.22727272727273,3.72786116130925,66,-0.500588434036524
"BM","Bunbury",1,4.76875,3.61372190432394,128,1.15502809567606
"L","Bunbury",1,2.35149700598802,3.61372190432394,167,-1.26222489833592
"MF","Bunbury",1,3.66741573033708,3.61372190432394,178,0.0536938260131357
"OF","Bunbury",1,4.14864864864865,3.61372190432394,148,0.534926744324705
"OP","Bunbury",1,3.13229813664596,3.61372190432394,161,-0.48142376767798
"BM","Cairns",1,4.66,3.72469230769231,10,1.06955455286384
"L","Cairns",1,2.49230769230769,3.72469230769231,13,-0.924015755938997
"MF","Cairns",1,4.4,3.72469230769231,12,-0.090221572989505
"OF","Cairns",1,3.925,3.72469230769231,16,0.358382575859891
"OP","Cairns",1,3.14615384615385,3.72469230769231,13,-0.444167040746402
"BM","Canberra",1,4.93671532846715,3.79023113417142,137,1.14648419429573
"L","Canberra",1,2.95454148471616,3.79023113417142,229,-0.835689649455267
"MF","Canberra",1,4.08659898477157,3.79023113417142,197,0.296367850600149
"OF","Canberra",1,3.99883977900552,3.79023113417142,181,0.2086086448341
"OP","Canberra",1,2.97446009389671,3.79023113417142,213,-0.815771040274711
"BM","Canterbury",1,3.90496815286624,3.14678774912148,785,0.758180403744763
"L","Canterbury",1,2.38012232415902,3.14678774912148,981,-0.766665424962457
"MF","Canterbury",1,3.16410256410256,3.14678774912148,975,0.0173148149810851
"OF","Canterbury",1,3.38740245261984,3.14678774912148,897,0.240614703498365
"OP","Canterbury",1,2.89734325185972,3.14678774912148,941,-0.249444497261755
"BM","Casino",1,5.28169811320755,3.7168914433698,53,1.56480666983775
"L","Casino",1,2.43490196078431,3.7168914433698,51,-1.28198948258549
"MF","Casino",1,3.19119047619048,3.7168914433698,42,-0.525700967179325
"OF","Casino",1,4.11166666666667,3.7168914433698,48,0.394775223296866
"OP","Casino",1,3.565,3.7168914433698,38,-0.151891443369801
"BM","Caulfield",1,4.40512465373961,3.53775457053365,722,0.867370083205965
"L","Caulfield",1,2.97374331550802,3.53775457053365,935,-0.564011255025626
"MF","Caulfield",1,3.49842057761733,3.53775457053365,1108,-0.0393339929163186
"OF","Caulfield",1,3.51536144578313,3.53775457053365,996,-0.0223931247505145
"OP","Caulfield",1,3.29612286002014,3.53775457053365,993,-0.241631710513506
"BM","Coffs Harbour",1,4.56142857142857,3.89725445937211,70,0.664174112056465
"L","Coffs Harbour",1,3.51076923076923,3.89725445937211,65,-0.386485228602876
"MF","Coffs Harbour",1,3.40810810810811,3.89725445937211,74,-0.489146351263998
"OF","Coffs Harbour",1,4.45882352941176,3.89725445937211,68,0.561569070039659
"OP","Coffs Harbour",1,3.54714285714286,3.89725445937211,70,-0.350111602229249
"BM","Colac",1,4.84705882352941,3.44349056725926,34,1.40356825627015
"L","Colac",1,2.52545454545455,3.44349056725926,55,-0.918036021804716
"MF","Colac",1,3.56779661016949,3.44349056725926,59,0.12430604291023
"OF","Colac",1,3.795,3.44349056725926,40,0.351509432740739
"OP","Colac",1,2.48214285714286,3.44349056725926,56,-0.961347710116404
"BM","Coleraine",1,6.4,3.25666666666667,1,1.06955455286384
"L","Coleraine",1,2.3,3.25666666666667,2,-0.924015755938997
"MF","Coleraine",1,4.13333333333333,3.25666666666667,3,-0.090221572989505
"OF","Coleraine",1,3.45,3.25666666666667,2,0.358382575859891
"OP","Coleraine",1,0,3.25666666666667,1,-0.444167040746402
"BM","Coonabarabran",1,5.10810810810811,3.86649881460408,37,1.24160929350403
"L","Coonabarabran",1,3.02105263157895,3.86649881460408,19,-0.924015755938997
"MF","Coonabarabran",1,3.2,3.86649881460408,8,-0.090221572989505
"OF","Coonabarabran",1,4.63,3.86649881460408,20,0.358382575859891
"OP","Coonabarabran",1,3.37333333333333,3.86649881460408,15,-0.444167040746402
"BM","Coonamble",1,5.19047619047619,3.96845157293687,21,1.06955455286384
"L","Coonamble",1,3.41538461538462,3.96845157293687,26,-0.924015755938997
"MF","Coonamble",1,3.61764705882353,3.96845157293687,17,-0.090221572989505
"OF","Coonamble",1,5.14375,3.96845157293687,16,0.358382575859891
"OP","Coonamble",1,2.475,3.96845157293687,24,-0.444167040746402
"BM","Cootamundra",1,2,2.54098484848485,3,1.06955455286384
"L","Cootamundra",1,2.3125,2.54098484848485,8,-0.924015755938997
"MF","Cootamundra",1,2.95,2.54098484848485,6,-0.090221572989505
"OF","Cootamundra",1,3.03333333333333,2.54098484848485,3,0.358382575859891
"OP","Cootamundra",1,2.40909090909091,2.54098484848485,11,-0.444167040746402
"BM","Corowa",1,4.84333333333333,4.4522021899669,15,1.06955455286384
"L","Corowa",1,2.94214285714286,4.4522021899669,28,-0.924015755938997
"MF","Corowa",1,4.98772727272727,4.4522021899669,22,-0.090221572989505
"OF","Corowa",1,5.77235294117647,4.4522021899669,17,0.358382575859891
"OP","Corowa",1,3.71545454545455,4.4522021899669,22,-0.444167040746402
"BM","Cowra",1,4.77931034482759,3.3909493096589,29,1.06955455286384
"L","Cowra",1,2.13478260869565,3.3909493096589,23,-0.924015755938997
"MF","Cowra",1,3.17333333333333,3.3909493096589,15,-0.090221572989505
"OF","Cowra",1,3.51176470588235,3.3909493096589,17,0.358382575859891
"OP","Cowra",1,3.35555555555556,3.3909493096589,18,-0.444167040746402
"BM","Cranbourne",1,4.75690072639225,3.67328429161918,413,1.08361643477307
"L","Cranbourne",1,2.70866551126516,3.67328429161918,577,-0.964618780354018
"MF","Cranbourne",1,3.67317666126418,3.67328429161918,617,-0.000107630355001831
"OF","Cranbourne",1,3.88548057259714,3.67328429161918,489,0.212196280977954
"OP","Cranbourne",1,3.34219798657718,3.67328429161918,596,-0.331086305042002
"BM","Dalby",1,4.35957446808511,3.58479514463364,47,0.774779323451463
"L","Dalby",1,3.25981308411215,3.58479514463364,107,-0.324982060521493
"MF","Dalby",1,3.31290322580645,3.58479514463364,62,-0.271891918827191
"OF","Dalby",1,3.73050847457627,3.58479514463364,59,0.145713329942629
"OP","Dalby",1,3.26117647058824,3.58479514463364,85,-0.323618674045407
"BM","Devonport",1,4.1656462585034,3.18173967123779,147,0.983906587265611
"L","Devonport",1,2.27544910179641,3.18173967123779,167,-0.906290569441383
"MF","Devonport",1,3.0167701863354,3.18173967123779,161,-0.164969484902387
"OF","Devonport",1,3.39763513513514,3.18173967123779,148,0.215895463897345
"OP","Devonport",1,3.0531976744186,3.18173967123779,172,-0.128541996819186
"BM","Donald",1,4.59398148148148,3.62320663316208,108,0.970774848319399
"L","Donald",1,2.80592105263158,3.62320663316208,152,-0.817285580530504
"MF","Donald",1,3.43214285714286,3.62320663316208,154,-0.191063776019226
"OF","Donald",1,3.73464566929134,3.62320663316208,127,0.111439036129256
"OP","Donald",1,3.54934210526316,3.62320663316208,152,-0.0738645278989249
"BM","Doomben",1,4.52073567708333,3.56152026341713,3072,0.959215413666207
"L","Doomben",1,2.66430384336476,3.56152026341713,2758,-0.89721642005237
"MF","Doomben",1,3.54482504604052,3.56152026341713,2715,-0.0166952173766108
"OF","Doomben",1,3.85333086602517,3.56152026341713,2702,0.29181060260804
"OP","Doomben",1,3.22440588457186,3.56152026341713,2651,-0.337114378845267
"BM","Dubbo",1,5.113,3.98848997486532,160,1.12451002513468
"L","Dubbo",1,3.25406060606061,3.98848997486532,165,-0.734429368804711
"MF","Dubbo",1,3.54239726027397,3.98848997486532,146,-0.446092714591344
"OF","Dubbo",1,4.62837662337662,3.98848997486532,154,0.639886648511306
"OP","Dubbo",1,3.40461538461538,3.98848997486532,156,-0.583874590249933
"BM","Eagle Farm",1,4.09090044388079,3.57689888026074,1577,0.51400156362005
"L","Eagle Farm",1,3.23054635761589,3.57689888026074,1208,-0.346352522644842
"MF","Eagle Farm",1,3.47257240204429,3.57689888026074,1174,-0.104326478216443
"OF","Eagle Farm",1,3.76860841423948,3.57689888026074,1236,0.191709533978746
"OP","Eagle Farm",1,3.32186678352323,3.57689888026074,1141,-0.255032096737511
"BM","Echuca",1,4.98691860465116,3.81614497295593,172,1.17077363169523
"L","Echuca",1,2.86714975845411,3.81614497295593,207,-0.948995214501828
"MF","Echuca",1,3.76773504273504,3.81614497295593,234,-0.0484099302208918
"OF","Echuca",1,4.13623853211009,3.81614497295593,218,0.320093559154157
"OP","Echuca",1,3.32268292682927,3.81614497295593,205,-0.493462046126666
"BM","Edenhope",1,6.25,4.30593246187364,14,1.06955455286384
"L","Edenhope",1,2.47058823529412,4.30593246187364,34,-1.83534422657952
"MF","Edenhope",1,5.34074074074074,4.30593246187364,27,-0.090221572989505
"OF","Edenhope",1,4.46,4.30593246187364,25,0.358382575859891
"OP","Edenhope",1,3.00833333333333,4.30593246187364,24,-0.444167040746402
"BM","Fannie Bay",1,5.45127659574468,4.27696646662397,141,1.17431012912071
"L","Fannie Bay",1,2.46165109034268,4.27696646662397,321,-1.81531537628129
"MF","Fannie Bay",1,4.7509900990099,4.27696646662397,202,0.474023632385929
"OF","Fannie Bay",1,4.9090395480226,4.27696646662397,177,0.632073081398627
"OP","Fannie Bay",1,3.811875,4.27696646662397,208,-0.465091466623972
"BM","Flemington",1,4.18346366145354,3.63217253987782,2174,0.551291121575725
"L","Flemington",1,3.55817270624518,3.63217253987782,1297,-0.0739998336326346
"MF","Flemington",1,3.447265625,3.63217253987782,1536,-0.184906914877816
"OF","Flemington",1,3.69116222760291,3.63217253987782,1652,0.0589896877250897
"OP","Flemington",1,3.28079847908745,3.63217253987782,1315,-0.351374060790364
"BM","Forbes",1,4.61333333333333,3.54853892306524,15,1.06955455286384
"L","Forbes",1,2.08571428571429,3.54853892306524,28,-0.924015755938997
"MF","Forbes",1,4.47727272727273,3.54853892306524,22,-0.090221572989505
"OF","Forbes",1,3.86111111111111,3.54853892306524,18,0.358382575859891
"OP","Forbes",1,2.70526315789474,3.54853892306524,19,-0.444167040746402
"BM","Gatton",1,4.75604395604396,3.82852302653163,91,0.927520929512323
"L","Gatton",1,2.44943820224719,3.82852302653163,89,-1.37908482428444
"MF","Gatton",1,4.25757575757576,3.82852302653163,66,0.429052731044125
"OF","Gatton",1,4.41891891891892,3.82852302653163,74,0.590395892387286
"OP","Gatton",1,3.26063829787234,3.82852302653163,94,-0.567884728659293
"BM","Gawler",1,4.50234375,3.73037994947431,128,0.771963800525693
"L","Gawler",1,3.00854700854701,3.73037994947431,234,-0.721832940927298
"MF","Gawler",1,3.60097087378641,3.73037994947431,206,-0.129409075687899
"OF","Gawler",1,4.13012820512821,3.73037994947431,156,0.399748255653899
"OP","Gawler",1,3.40990990990991,3.73037994947431,222,-0.320470039564396
"BM","Geelong",1,4.27474747474747,3.65797627785475,495,0.61677119689273
"L","Geelong",1,2.95375375375375,3.65797627785475,666,-0.704222524100991
"MF","Geelong",1,3.67233542319749,3.65797627785475,638,0.014359145342747
"OF","Geelong",1,4.19180064308682,3.65797627785475,622,0.533824365232071
"OP","Geelong",1,3.19724409448819,3.65797627785475,635,-0.460732183366556
"BM","Geraldton",1,5.12125984251969,3.61771819402065,127,1.50354164849904
"L","Geraldton",1,2.79442424242424,3.61771819402065,165,-0.823293951596404
"MF","Geraldton",1,3.32383561643836,3.61771819402065,146,-0.29388257758229
"OF","Geraldton",1,3.96824324324324,3.61771819402065,148,0.350525049222596
"OP","Geraldton",1,2.88082802547771,3.61771819402065,157,-0.736890168542939
"BM","Gilgandra",1,6.38888888888889,3.77661111111111,9,1.06955455286384
"L","Gilgandra",1,2.47,3.77661111111111,20,-0.924015755938997
"MF","Gilgandra",1,2.63333333333333,3.77661111111111,12,-0.090221572989505
"OF","Gilgandra",1,4.3375,3.77661111111111,16,0.358382575859891
"OP","Gilgandra",1,3.05333333333333,3.77661111111111,15,-0.444167040746402
"L","Glen Innes",1,2,3.65,5,-0.924015755938997
"OF","Glen Innes",1,5.1,3.65,2,0.358382575859891
"OP","Glen Innes",1,3.85,3.65,2,-0.444167040746402
"BM","Gosford",1,4.32347150259067,3.36621531347858,193,0.957256189112094
"L","Gosford",1,2.40648888888889,3.36621531347858,225,-0.959726424589691
"MF","Gosford",1,3.69380090497738,3.36621531347858,221,0.327585591498796
"OF","Gosford",1,3.70231527093596,3.36621531347858,203,0.336099957457381
"OP","Gosford",1,2.705,3.36621531347858,222,-0.66121531347858
"BM","Goulburn",1,4.64030303030303,3.63787560318973,66,1.0024274271133
"L","Goulburn",1,2.90899159663866,3.63787560318973,119,-0.728884006551079
"MF","Goulburn",1,3.60810810810811,3.63787560318973,111,-0.0297674950816256
"OF","Goulburn",1,3.7522,3.63787560318973,100,0.114324396810266
"OP","Goulburn",1,3.27977528089888,3.63787560318973,89,-0.358100322290857
"BM","Grafton",1,4.6407722007722,3.58886139357148,259,1.05191080720072
"L","Grafton",1,2.67775229357798,3.58886139357148,218,-0.911109099993495
"MF","Grafton",1,3.77955555555556,3.58886139357148,225,0.190694161984079
"OF","Grafton",1,3.75137254901961,3.58886139357148,204,0.162511155448131
"OP","Grafton",1,3.09485436893204,3.58886139357148,206,-0.494007024639438
"BM","Griffith",1,5.08888888888889,3.00718253968254,9,1.06955455286384
"L","Griffith",1,2.5,3.00718253968254,9,-0.924015755938997
"MF","Griffith",1,1.9375,3.00718253968254,8,-0.090221572989505
"OF","Griffith",1,2.96666666666667,3.00718253968254,9,0.358382575859891
"OP","Griffith",1,2.54285714285714,3.00718253968254,7,-0.444167040746402
"BM","Gundagai",1,5.50169811320755,4.05478934068662,53,1.44690877252093
"L","Gundagai",1,2.87407894736842,4.05478934068662,76,-1.1807103933182
"MF","Gundagai",1,3.79785714285714,4.05478934068662,70,-0.256932197829479
"OF","Gundagai",1,4.5703125,4.05478934068662,64,0.515523159313378
"OP","Gundagai",1,3.53,4.05478934068662,65,-0.524789340686622
"BM","Gunnedah",1,5.71489361702128,4.33883368483848,47,1.37605993218279
"L","Gunnedah",1,2.41111111111111,4.33883368483848,54,-1.92772257372737
"MF","Gunnedah",1,4.35625,4.33883368483848,48,0.0174163151615154
"OF","Gunnedah",1,5.29268292682927,4.33883368483848,41,0.953849241990784
"OP","Gunnedah",1,3.91923076923077,4.33883368483848,52,-0.419602915607716
"BM","Hamilton",1,4.55909090909091,3.44813801124249,154,1.11095289784842
"L","Hamilton",1,2.84785714285714,3.44813801124249,140,-0.600280868385346
"MF","Hamilton",1,3.36,3.44813801124249,155,-0.088138011242489
"OF","Hamilton",1,3.48731343283582,3.44813801124249,134,0.039175421593332
"OP","Hamilton",1,2.98642857142857,3.44813801124249,140,-0.461709439813918
"BM","Hawkesbury",1,5.05840909090909,3.51758686529928,44,1.54082222560981
"L","Hawkesbury",1,2.5984962406015,3.51758686529928,133,-0.919090624697781
"MF","Hawkesbury",1,3.27345323741007,3.51758686529928,139,-0.244133627889213
"OF","Hawkesbury",1,3.57340909090909,3.51758686529928,88,0.055822225609806
"OP","Hawkesbury",1,3.08416666666667,3.51758686529928,132,-0.433420198632618
"BM","Hobart",1,4.54111111111111,3.4203796914297,45,1.12073141968142
"L","Hobart",1,2.55820895522388,3.4203796914297,67,-0.862170736205815
"MF","Hobart",1,4.31475409836066,3.4203796914297,61,0.89437440693096
"OF","Hobart",1,2.85188679245283,3.4203796914297,53,-0.568492898976865
"OP","Hobart",1,2.8359375,3.4203796914297,64,-0.584442191429695
"BM","Inverell",1,5.85263157894737,4.24838345864662,19,1.06955455286384
"L","Inverell",1,3.46428571428571,4.24838345864662,14,-0.924015755938997
"MF","Inverell",1,4.87,4.24838345864662,10,-0.090221572989505
"OF","Inverell",1,3.54666666666667,4.24838345864662,15,0.358382575859891
"OP","Inverell",1,3.50833333333333,4.24838345864662,12,-0.444167040746402
"BM","Ipswich",1,4.66487603305785,3.4319792130173,242,1.23289682004055
"L","Ipswich",1,2.46313725490196,3.4319792130173,255,-0.968841958115338
"MF","Ipswich",1,3.16304347826087,3.4319792130173,230,-0.268935734756429
"OF","Ipswich",1,3.86290322580645,3.4319792130173,186,0.430924012789153
"OP","Ipswich",1,3.00593607305936,3.4319792130173,219,-0.426043139957938
"BM","Kalgoorlie",1,4.7675,3.47659449884271,160,1.29090550115729
"L","Kalgoorlie",1,2.07502824858757,3.47659449884271,177,-1.40156625025514
"MF","Kalgoorlie",1,3.24703703703704,3.47659449884271,162,-0.229557461805676
"OF","Kalgoorlie",1,4.275125,3.47659449884271,160,0.798530501157287
"OP","Kalgoorlie",1,3.01828220858896,3.47659449884271,163,-0.458312290253756
"BM","Kembla Grange",1,4.03141025641026,3.31937210311239,156,0.712038153297865
"L","Kembla Grange",1,2.58232931726908,3.31937210311239,249,-0.737042785843315
"MF","Kembla Grange",1,3.15233644859813,3.31937210311239,214,-0.167035654514261
"OF","Kembla Grange",1,3.86369047619048,3.31937210311239,168,0.544318373078085
"OP","Kembla Grange",1,2.96709401709402,3.31937210311239,234,-0.352278086018374
"BM","Kempsey",1,5.40909090909091,4.22764790764791,11,1.06955455286384
"L","Kempsey",1,2.90454545454545,4.22764790764791,22,-0.924015755938997
"MF","Kempsey",1,4.01428571428571,4.22764790764791,14,-0.090221572989505
"OF","Kempsey",1,4.72142857142857,4.22764790764791,14,0.358382575859891
"OP","Kempsey",1,4.08888888888889,4.22764790764791,18,-0.444167040746402
"BM","Kilmore",1,4.47121212121212,3.67893580570321,66,0.792276315508914
"L","Kilmore",1,2.76224489795918,3.67893580570321,98,-0.916690907744024
"MF","Kilmore",1,4.02530120481928,3.67893580570321,83,0.346365399116069
"OF","Kilmore",1,3.93243243243243,3.67893580570321,74,0.253496626729225
"OP","Kilmore",1,3.20348837209302,3.67893580570321,86,-0.475447433610185
"BM","Kyneton",1,4.52242990654206,3.85024829611879,107,0.672181610423268
"L","Kyneton",1,3.04163090128755,3.85024829611879,233,-0.808617394831235
"MF","Kyneton",1,3.64372294372294,3.85024829611879,231,-0.206525352395845
"OF","Kyneton",1,4.45590909090909,3.85024829611879,220,0.605660794790303
"OP","Kyneton",1,3.5875486381323,3.85024829611879,257,-0.262699657986492
"BM","Leeton",1,4.48571428571429,3.48901706137,7,1.06955455286384
"L","Leeton",1,2.85909090909091,3.48901706137,22,-0.924015755938997
"MF","Leeton",1,3.47647058823529,3.48901706137,17,-0.090221572989505
"OF","Leeton",1,3.8,3.48901706137,13,0.358382575859891
"OP","Leeton",1,2.82380952380952,3.48901706137,21,-0.444167040746402
"BM","Lismore",1,4.784,3.55521620968491,50,1.22878379031508
"L","Lismore",1,2.32380952380952,3.55521620968491,63,-1.23140668587539
"MF","Lismore",1,3.48333333333333,3.55521620968491,48,-0.0718828763515815
"OF","Lismore",1,3.94528301886792,3.55521620968491,53,0.39006680918301
"OP","Lismore",1,3.23965517241379,3.55521620968491,58,-0.315561037271122
"BM","Mackay",1,5.38267326732673,3.80608034171559,202,1.57659292561115
"L","Mackay",1,2.71293103448276,3.80608034171559,232,-1.09314930723283
"MF","Mackay",1,3.52873303167421,3.80608034171559,221,-0.277347310041377
"OF","Mackay",1,4.20631313131313,3.80608034171559,198,0.400232789597546
"OP","Mackay",1,3.19975124378109,3.80608034171559,201,-0.606329097934491
"BM","Mildura",1,4.88910891089109,3.92126681048616,101,0.967842100404924
"L","Mildura",1,3.31276595744681,3.92126681048616,141,-0.608500853039356
"MF","Mildura",1,3.8462962962963,3.92126681048616,162,-0.0749705141898684
"OF","Mildura",1,4.1436974789916,3.92126681048616,119,0.222430668505432
"OP","Mildura",1,3.41446540880503,3.92126681048616,159,-0.506801401681133
"BM","Moonee Valley",1,3.98048128342246,3.22060943301933,187,0.759871850403126
"L","Moonee Valley",1,2.58028985507246,3.22060943301933,345,-0.64031957794687
"MF","Moonee Valley",1,3.23661764705882,3.22060943301933,340,0.0160082140394899
"OF","Moonee Valley",1,3.39463601532567,3.22060943301933,261,0.174026582306336
"OP","Moonee Valley",1,2.91102236421725,3.22060943301933,313,-0.309587068802081
"BM","Morphettville",1,4.17653276955603,3.44891552040886,473,0.727617249147163
"L","Morphettville",1,2.74609450337512,3.44891552040886,1037,-0.702821017033742
"MF","Morphettville",1,3.33485600794439,3.44891552040886,1007,-0.114059512464473
"OF","Morphettville",1,3.84260651629073,3.44891552040886,798,0.393690995881865
"OP","Morphettville",1,3.14448780487805,3.44891552040886,1025,-0.304427715530813
"BM","Mortlake",1,4.28,3.83468131868132,10,1.06955455286384
"L","Mortlake",1,3.07692307692308,3.83468131868132,13,-0.924015755938997
"MF","Mortlake",1,4.1,3.83468131868132,13,-0.090221572989505
"OF","Mortlake",1,5.48571428571429,3.83468131868132,7,0.358382575859891
"OP","Mortlake",1,2.23076923076923,3.83468131868132,13,-0.444167040746402
"BM","Moruya",1,4.44857142857143,3.15308196660402,35,1.29548946196741
"L","Moruya",1,2.32931034482759,3.15308196660402,58,-0.823771621776433
"MF","Moruya",1,3.32857142857143,3.15308196660402,49,0.175489461967409
"OF","Moruya",1,3.28918918918919,3.15308196660402,37,0.13610722258517
"OP","Moruya",1,2.36976744186047,3.15308196660402,43,-0.783314524743554
"BM","Mount Barker",1,4.55,3.19488472964944,18,1.06955455286384
"L","Mount Barker",1,2.78484848484848,3.19488472964944,33,-0.410036244800951
"MF","Mount Barker",1,2.61388888888889,3.19488472964944,36,-0.580995840760547
"OF","Mount Barker",1,3.19333333333333,3.19488472964944,30,-0.00155139631610224
"OP","Mount Barker",1,2.83235294117647,3.19488472964944,34,-0.362531788472965
"BM","Murray Bridge",1,4.11938775510204,3.76290665772609,98,0.356481097375956
"L","Murray Bridge",1,3.21034482758621,3.76290665772609,174,-0.552561830139878
"MF","Murray Bridge",1,3.82842105263158,3.76290665772609,190,0.0655143949054935
"OF","Murray Bridge",1,3.93464052287582,3.76290665772609,153,0.171733865149732
"OP","Murray Bridge",1,3.72173913043478,3.76290665772609,207,-0.0411675272913028
"BM","Murtoa",1,5.1,3.80288888888889,7,1.06955455286384
"L","Murtoa",1,2.71111111111111,3.80288888888889,27,-0.924015755938997
"MF","Murtoa",1,3.95333333333333,3.80288888888889,30,0.150444444444444
"OF","Murtoa",1,4.18076923076923,3.80288888888889,26,0.358382575859891
"OP","Murtoa",1,3.06923076923077,3.80288888888889,26,-0.444167040746402
"BM","Murwillumbah",1,4.54035714285714,3.4991922375401,56,1.04116490531705
"L","Murwillumbah",1,2.61913978494624,3.4991922375401,93,-0.880052452593858
"MF","Murwillumbah",1,3.37025641025641,3.4991922375401,78,-0.128935827283685
"OF","Murwillumbah",1,3.82805970149254,3.4991922375401,67,0.328867463952442
"OP","Murwillumbah",1,3.13814814814815,3.4991922375401,81,-0.361044089391947
"BM","Muswellbrook",1,5.71923076923077,4.31872236484012,52,1.40050840439065
"L","Muswellbrook",1,3.20659340659341,4.31872236484012,91,-1.11212895824672
"MF","Muswellbrook",1,4.20344827586207,4.31872236484012,87,-0.115274088978053
"OF","Muswellbrook",1,4.91917808219178,4.31872236484012,73,0.600455717351659
"OP","Muswellbrook",1,3.54516129032258,4.31872236484012,93,-0.773561074517541
"BM","Narrandera",1,4.42434782608696,3.47244496204279,23,1.06955455286384
"L","Narrandera",1,2.25041666666667,3.47244496204279,24,-0.924015755938997
"MF","Narrandera",1,3.10857142857143,3.47244496204279,35,-0.363873533471359
"OF","Narrandera",1,4.22055555555556,3.47244496204279,18,0.358382575859891
"OP","Narrandera",1,3.35833333333333,3.47244496204279,24,-0.444167040746402
"BM","Narromine",1,5.38409090909091,3.80887868474879,44,1.57521222434212
"L","Narromine",1,3.62666666666667,3.80887868474879,45,-0.182212018082125
"MF","Narromine",1,3.37317073170732,3.80887868474879,41,-0.435707953041475
"OF","Narromine",1,3.63720930232558,3.80887868474879,43,-0.171669382423211
"OP","Narromine",1,3.02325581395349,3.80887868474879,43,-0.785622870795304
"BM","Northam",1,6.355,3.78481771633385,14,1.06955455286384
"L","Northam",1,2.25333333333333,3.78481771633385,48,-1.53148438300051
"MF","Northam",1,4.19258064516129,3.78481771633385,31,0.407762928827445
"OF","Northam",1,3.81888888888889,3.78481771633385,27,0.358382575859891
"OP","Northam",1,2.30428571428571,3.78481771633385,35,-1.48053200204813
"BM","Nowra",1,4.93015873015873,3.49801260267397,63,1.43214612748476
"L","Nowra",1,2.44854368932039,3.49801260267397,103,-1.04946891335358
"MF","Nowra",1,3.1421686746988,3.49801260267397,83,-0.355843927975172
"OF","Nowra",1,4.15555555555556,3.49801260267397,81,0.657542952881589
"OP","Nowra",1,2.81363636363636,3.49801260267397,88,-0.684376239037603
"BM","Oakbank",1,2.64,2.65220231729055,5,1.06955455286384
"L","Oakbank",1,2.89411764705882,2.65220231729055,17,-0.924015755938997
"MF","Oakbank",1,2.61666666666667,2.65220231729055,12,-0.090221572989505
"OF","Oakbank",1,3.0375,2.65220231729055,16,0.358382575859891
"OP","Oakbank",1,2.07272727272727,2.65220231729055,11,-0.444167040746402
"BM","Orange",1,5.25625,3.63094975977616,32,1.62530024022384
"L","Orange",1,2.29807692307692,3.63094975977616,52,-1.33287283669924
"MF","Orange",1,3.58947368421053,3.63094975977616,38,-0.041476075565634
"OF","Orange",1,4.13030303030303,3.63094975977616,33,0.49935327052687
"OP","Orange",1,2.88064516129032,3.63094975977616,31,-0.750304598485838
"BM","Pakenham",1,4.52824074074074,3.71999615861998,972,0.808244582120758
"L","Pakenham",1,3.15178837555887,3.71999615861998,1342,-0.568207783061115
"MF","Pakenham",1,3.53160343593414,3.71999615861998,1397,-0.188392722685838
"OF","Pakenham",1,4.00817267393127,3.71999615861998,1193,0.288176515311283
"OP","Pakenham",1,3.38017556693489,3.71999615861998,1367,-0.339820591685088
"BM","Parkes",1,4.65,4.25935452631105,16,1.06955455286384
"L","Parkes",1,3.20454545454545,4.25935452631105,22,-0.924015755938997
"MF","Parkes",1,4.46296296296296,4.25935452631105,27,-0.090221572989505
"OF","Parkes",1,4.69230769230769,4.25935452631105,13,0.358382575859891
"OP","Parkes",1,4.28695652173913,4.25935452631105,23,-0.444167040746402
"BM","Penshurst",1,4.61111111111111,3.8739993120055,9,1.06955455286384
"L","Penshurst",1,3.68947368421053,3.8739993120055,19,-0.924015755938997
"MF","Penshurst",1,3.55333333333333,3.8739993120055,15,-0.090221572989505
"OF","Penshurst",1,5.58666666666667,3.8739993120055,15,0.358382575859891
"OP","Penshurst",1,1.92941176470588,3.8739993120055,17,-0.444167040746402
"BM","Pinjarra",1,4.58258278145695,3.73995144938552,151,0.842631332071439
"L","Pinjarra",1,2.27515418502203,3.73995144938552,227,-1.46479726436349
"MF","Pinjarra",1,3.73170542635659,3.73995144938552,258,-0.00824602302892607
"OF","Pinjarra",1,4.73663716814159,3.73995144938552,226,0.996685718756078
"OP","Pinjarra",1,3.37367768595041,3.73995144938552,242,-0.366273763435102
"BM","Port Lincoln",1,4.93958333333333,3.77757994492103,48,1.1620033884123
"L","Port Lincoln",1,2.94358974358974,3.77757994492103,78,-0.833990201331289
"MF","Port Lincoln",1,3.87605633802817,3.77757994492103,71,0.0984763931071369
"OF","Port Lincoln",1,4.41555555555556,3.77757994492103,45,0.637975610634523
"OP","Port Lincoln",1,2.71311475409836,3.77757994492103,61,-1.06446519082267
"BM","Port Macquarie",1,4.84268292682927,3.53980783887388,164,1.30287508795538
"L","Port Macquarie",1,2.46546762589928,3.53980783887388,139,-1.0743402129746
"MF","Port Macquarie",1,3.25367647058824,3.53980783887388,136,-0.286131368285648
"OF","Port Macquarie",1,4.25986842105263,3.53980783887388,152,0.720060582178748
"OP","Port Macquarie",1,2.87734375,3.53980783887388,128,-0.662464088873883
"BM","Queanbeyan",1,5.18666666666667,3.6629696969697,15,1.06955455286384
"L","Queanbeyan",1,2.16818181818182,3.6629696969697,44,-1.49478787878788
"MF","Queanbeyan",1,3.08571428571429,3.6629696969697,35,-0.577255411255411
"OF","Queanbeyan",1,4.44,3.6629696969697,30,0.777030303030303
"OP","Queanbeyan",1,3.43428571428571,3.6629696969697,35,-0.228683982683983
"BM","Quirindi",1,5.02615384615385,3.79757498732437,78,1.22857885882948
"L","Quirindi",1,3.20820895522388,3.79757498732437,67,-0.589366032100485
"MF","Quirindi",1,3.58414634146341,3.79757498732437,41,-0.213428645860951
"OF","Quirindi",1,3.82596153846154,3.79757498732437,52,0.0283865511371726
"OP","Quirindi",1,3.34340425531915,3.79757498732437,47,-0.454170732005217
"BM","Randwick",1,3.74593967517401,3.28821012218874,862,0.457729552985272
"L","Randwick",1,2.83203194321207,3.28821012218874,1127,-0.456178178976674
"MF","Randwick",1,3.17065217391304,3.28821012218874,1104,-0.117557948275698
"OF","Randwick",1,3.50066857688634,3.28821012218874,1047,0.2124584546976
"OP","Randwick",1,3.19175824175824,3.28821012218874,1092,-0.0964518804304997
"BM","Rockhampton",1,4.90179856115108,3.93000649273773,278,0.971792068413345
"L","Rockhampton",1,3.02104651162791,3.93000649273773,430,-0.908959981109827
"MF","Rockhampton",1,3.95949868073879,3.93000649273773,379,0.0294921880010519
"OF","Rockhampton",1,4.33922155688623,3.93000649273773,334,0.409215064148493
"OP","Rockhampton",1,3.42846715328467,3.93000649273773,411,-0.501539339453063
"BM","Rosehill",1,3.88566308243728,3.20640419171206,837,0.679258890725213
"L","Rosehill",1,2.85605263157895,3.20640419171206,760,-0.350351560133115
"MF","Rosehill",1,3.01359084406295,3.20640419171206,699,-0.192813347649116
"OF","Rosehill",1,3.40761772853186,3.20640419171206,722,0.201213536819793
"OP","Rosehill",1,2.86909667194929,3.20640419171206,631,-0.337307519762776
"BM","Sale",1,4.70229885057471,3.83543735616831,87,0.8668614944064
"L","Sale",1,2.85022123893805,3.83543735616831,226,-0.985216117230259
"MF","Sale",1,3.69357798165138,3.83543735616831,218,-0.141859374516936
"OF","Sale",1,4.3441935483871,3.83543735616831,155,0.508756192218784
"OP","Sale",1,3.58689516129032,3.83543735616831,248,-0.24854219487799
"BM","Sandown",1,3.41025641025641,3.17522003994562,39,0.235036370310794
"L","Sandown",1,2.49298780487805,3.17522003994562,164,-0.682232235067567
"MF","Sandown",1,3.27341040462428,3.17522003994562,173,0.0981903646786617
"OF","Sandown",1,3.60970873786408,3.17522003994562,103,0.434488697918462
"OP","Sandown",1,3.08973684210526,3.17522003994562,190,-0.0854831978403525
"BM","Sapphire Coast",1,4.52404761904762,3.35576519982433,42,1.16828241922329
"L","Sapphire Coast",1,2.00873015873016,3.35576519982433,63,-1.34703504109417
"MF","Sapphire Coast",1,2.96173913043478,3.35576519982433,46,-0.394026069389548
"OF","Sapphire Coast",1,4.35290909090909,3.35576519982433,55,0.997143891084761
"OP","Sapphire Coast",1,2.9314,3.35576519982433,50,-0.42436519982433
"BM","Scone",1,4.97192052980132,4.01162860627885,151,0.960291923522471
"L","Scone",1,3.14813253012048,4.01162860627885,166,-0.863496076158372
"MF","Scone",1,3.80666666666667,4.01162860627885,171,-0.204961939612187
"OF","Scone",1,4.29632653061225,4.01162860627885,147,0.284697924333392
"OP","Scone",1,3.83509677419355,4.01162860627885,155,-0.176531832085305
"BM","Seymour",1,5.08125,3.90989985014985,64,1.17135014985015
"L","Seymour",1,2.91071428571429,3.90989985014985,140,-0.999185564435565
"MF","Seymour",1,3.78757575757576,3.90989985014985,165,-0.122324092574093
"OF","Seymour",1,4.20681818181818,3.90989985014985,132,0.296918331668332
"OP","Seymour",1,3.56314102564103,3.90989985014985,156,-0.346758824508825
"BM","St Arnaud",1,3.51,2.85861111111111,10,1.06955455286384
"L","St Arnaud",1,1.7375,2.85861111111111,24,-0.924015755938997
"MF","St Arnaud",1,3.18,2.85861111111111,25,-0.090221572989505
"OF","St Arnaud",1,4.16,2.85861111111111,15,0.358382575859891
"OP","St Arnaud",1,1.70555555555556,2.85861111111111,18,-0.444167040746402
"BM","Stawell",1,4.53823529411765,3.53367025785924,34,1.00456503625841
"L","Stawell",1,2.23731343283582,3.53367025785924,67,-1.29635682502342
"MF","Stawell",1,3.29677419354839,3.53367025785924,62,-0.236896064310849
"OF","Stawell",1,4.18936170212766,3.53367025785924,47,0.655691444268423
"OP","Stawell",1,3.40666666666667,3.53367025785924,60,-0.12700359119257
"BM","Stony Creek",1,5.48478260869565,4.0071681157835,46,1.47761449291215
"L","Stony Creek",1,2.82075471698113,4.0071681157835,106,-1.18641339880237
"MF","Stony Creek",1,3.87894736842105,4.0071681157835,76,-0.128220747362451
"OF","Stony Creek",1,4.74931506849315,4.0071681157835,73,0.742146952709647
"OP","Stony Creek",1,3.10204081632653,4.0071681157835,98,-0.905127299456973
"BM","Strathalbyn",1,5.18620689655172,3.77106196885371,29,1.06955455286384
"L","Strathalbyn",1,2.83069306930693,3.77106196885371,101,-0.940368899546776
"MF","Strathalbyn",1,3.84414414414414,3.77106196885371,111,0.0730821752904376
"OF","Strathalbyn",1,3.80153846153846,3.77106196885371,65,0.0304764926847549
"OP","Strathalbyn",1,3.19272727272727,3.77106196885371,110,-0.578334696126434
"BM","Sunshine Coast",1,4.62159827213823,3.62418587687794,463,0.997412395260286
"L","Sunshine Coast",1,2.74732006125574,3.62418587687794,653,-0.8768658156222
"MF","Sunshine Coast",1,3.46336134453782,3.62418587687794,595,-0.160824532340127
"OF","Sunshine Coast",1,4.14579256360078,3.62418587687794,511,0.521606686722841
"OP","Sunshine Coast",1,3.14285714285714,3.62418587687794,567,-0.4813287340208
"BM","Swan Hill",1,3.6,3.35638009049774,9,1.06955455286384
"L","Swan Hill",1,3.27307692307692,3.35638009049774,26,-0.924015755938997
"MF","Swan Hill",1,3.15882352941176,3.35638009049774,17,-0.090221572989505
"OF","Swan Hill",1,3.8,3.35638009049774,20,0.358382575859891
"OP","Swan Hill",1,2.95,3.35638009049774,18,-0.444167040746402
"BM","Tamworth",1,5.012,3.85509728372617,175,1.15690271627383
"L","Tamworth",1,3.25230366492147,3.85509728372617,191,-0.602793618804707
"MF","Tamworth",1,3.76109452736318,3.85509728372617,201,-0.0940027563629884
"OF","Tamworth",1,3.88745664739884,3.85509728372617,173,0.0323593636726716
"OP","Tamworth",1,3.36263157894737,3.85509728372617,209,-0.492465704778804
"BM","Taree",1,5.089,3.75025591053951,80,1.33874408946049
"L","Taree",1,2.47103092783505,3.75025591053951,97,-1.27922498270446
"MF","Taree",1,3.67122222222222,3.75025591053951,90,-0.0790336883172857
"OF","Taree",1,4.19933333333333,3.75025591053951,75,0.449077422793826
"OP","Taree",1,3.32069306930693,3.75025591053951,101,-0.429562841232577
"BM","Tatura",1,5.77173913043478,3.96134836027499,46,1.81039077015979
"L","Tatura",1,2.29538461538462,3.96134836027499,65,-1.66596374489038
"MF","Tatura",1,4.0140625,3.96134836027499,64,0.0527141397250093
"OF","Tatura",1,4.44222222222222,3.96134836027499,45,0.480873861947232
"OP","Tatura",1,3.28333333333333,3.96134836027499,60,-0.678015026941657
"BM","Terang",1,5.00914285714286,4.08475133152597,175,0.924391525616887
"L","Terang",1,3.23131313131313,4.08475133152597,198,-0.853438200212839
"MF","Terang",1,3.84195402298851,4.08475133152597,174,-0.242797308537464
"OF","Terang",1,4.36984126984127,4.08475133152597,189,0.285089938315299
"OP","Terang",1,3.97150537634409,4.08475133152597,186,-0.113245955181884
"BM","Townsville",1,4.44072681704261,3.41115259994086,399,1.02957421710175
"L","Townsville",1,2.73151260504202,3.41115259994086,357,-0.679639994898841
"MF","Townsville",1,3.17931596091205,3.41115259994086,307,-0.231836639028806
"OF","Townsville",1,3.57329545454545,3.41115259994086,264,0.162142854604596
"OP","Townsville",1,3.13091216216216,3.41115259994086,296,-0.280240437778696
"BM","Traralgon",1,4.92222222222222,4.1539766573296,9,1.06955455286384
"L","Traralgon",1,1.995,4.1539766573296,20,-0.924015755938997
"MF","Traralgon",1,4.47647058823529,4.1539766573296,17,-0.090221572989505
"OF","Traralgon",1,5.9,4.1539766573296,10,0.358382575859891
"OP","Traralgon",1,3.47619047619048,4.1539766573296,21,-0.444167040746402
"BM","Tuncurry",1,5.72195121951219,3.92005749331969,41,1.80189372619251
"L","Tuncurry",1,3.03939393939394,3.92005749331969,33,-0.880663553925749
"MF","Tuncurry",1,3.18125,3.92005749331969,32,-0.738807493319689
"OF","Tuncurry",1,4.40384615384615,3.92005749331969,26,0.358382575859891
"OP","Tuncurry",1,3.25384615384615,3.92005749331969,26,-0.444167040746402
"BM","Wagga",1,4.74622302158273,3.83126192388196,278,0.914961097700774
"L","Wagga",1,3.1153488372093,3.83126192388196,258,-0.715913086672657
"MF","Wagga",1,3.75114285714286,3.83126192388196,245,-0.0801190667391021
"OF","Wagga",1,4.0034749034749,3.83126192388196,259,0.172212979592944
"OP","Wagga",1,3.54012,3.83126192388196,250,-0.291141923881959
"BM","Walcha",1,1.33333333333333,3.26638888888889,3,1.06955455286384
"L","Walcha",1,2.71111111111111,3.26638888888889,9,-0.924015755938997
"MF","Walcha",1,4.6875,3.26638888888889,8,-0.090221572989505
"OF","Walcha",1,4.8,3.26638888888889,9,0.358382575859891
"OP","Walcha",1,2.8,3.26638888888889,2,-0.444167040746402
"BM","Wangaratta",1,4.73578431372549,4.11567385072667,102,0.620110462998818
"L","Wangaratta",1,3.39137931034483,4.11567385072667,232,-0.724294540381844
"MF","Wangaratta",1,3.96074561403509,4.11567385072667,228,-0.154928236691584
"OF","Wangaratta",1,4.61925465838509,4.11567385072667,161,0.503580807658421
"OP","Wangaratta",1,3.87120535714286,4.11567385072667,224,-0.244468493583814
"BM","Warracknabeal",1,5.35316455696203,3.9914176438267,79,1.36174691313533
"L","Warracknabeal",1,3.36288659793814,3.9914176438267,97,-0.628531045888555
"MF","Warracknabeal",1,4.16037735849057,3.9914176438267,106,0.168959714663866
"OF","Warracknabeal",1,3.63372093023256,3.9914176438267,86,-0.357696713594141
"OP","Warracknabeal",1,3.4469387755102,3.9914176438267,98,-0.544478868316495
"BM","Warren",1,5.7412,4.0964516017316,25,1.06955455286384
"L","Warren",1,3.23151515151515,4.0964516017316,33,-0.86493645021645
"MF","Warren",1,3.86714285714286,4.0964516017316,28,-0.090221572989505
"OF","Warren",1,4.53,4.0964516017316,30,0.433548398268399
"OP","Warren",1,3.1124,4.0964516017316,25,-0.444167040746402
"BM","Warrnambool",1,4.3,3.50709611543202,222,0.79290388456798
"L","Warrnambool",1,3.03346774193548,3.50709611543202,248,-0.473628373496536
"MF","Warrnambool",1,3.33083003952569,3.50709611543202,253,-0.176266075906328
"OF","Warrnambool",1,3.40201612903226,3.50709611543202,248,-0.105079986399762
"OP","Warrnambool",1,3.46916666666667,3.50709611543202,240,-0.0379294487653534
"BM","Warwick Farm",1,3.96780626780627,3.33798764010841,702,0.62981862769786
"L","Warwick Farm",1,2.61313035204567,3.33798764010841,1051,-0.724857288062737
"MF","Warwick Farm",1,3.40516473731077,3.33798764010841,1123,0.0671770972023666
"OF","Warwick Farm",1,3.62736625514403,3.33798764010841,972,0.289378615035625
"OP","Warwick Farm",1,3.07647058823529,3.33798764010841,1088,-0.261517051873114
"BM","Werribee",1,4.75128205128205,3.70239185620261,39,1.04889019507944
"L","Werribee",1,2.88318584070796,3.70239185620261,113,-0.819206015494642
"MF","Werribee",1,3.51842105263158,3.70239185620261,114,-0.183970803571027
"OF","Werribee",1,4.07466666666667,3.70239185620261,75,0.37227481046406
"OP","Werribee",1,3.28440366972477,3.70239185620261,109,-0.417988186477836
"BM","Wodonga",1,5.03467153284672,3.94222470596002,137,1.09244682688669
"L","Wodonga",1,3.01729559748428,3.94222470596002,159,-0.924929108475744
"MF","Wodonga",1,4.10827586206897,3.94222470596002,145,0.166051156108945
"OF","Wodonga",1,3.94779411764706,3.94222470596002,136,0.00556941168703817
"OP","Wodonga",1,3.60308641975309,3.94222470596002,162,-0.339138286206934
"BM","Wyong",1,4.8944578313253,3.72970116305919,83,1.16475666826611
"L","Wyong",1,2.32787096774194,3.72970116305919,155,-1.40183019531725
"MF","Wyong",1,3.88698717948718,3.72970116305919,156,0.157286016427993
"OF","Wyong",1,4.4281679389313,3.72970116305919,131,0.698466775872111
"OP","Wyong",1,3.11102189781022,3.72970116305919,137,-0.618679265248967
"BM","Yarra Valley",1,5.58529411764706,3.51972439850887,34,2.06556971913819
"L","Yarra Valley",1,2.06753246753247,3.51972439850887,77,-1.4521919309764
"MF","Yarra Valley",1,3.21971830985916,3.51972439850887,71,-0.300006088649715
"OF","Yarra Valley",1,3.3530612244898,3.51972439850887,49,-0.166663174019074
"OP","Yarra Valley",1,3.37301587301587,3.51972439850887,63,-0.146708525492997
"BM","Adelaide River",2,3.8,3.20409523809524,1,0.978680173657695
"L","Adelaide River",2,3.43333333333333,3.20409523809524,9,-0.846703105217439
"MF","Adelaide River",2,2.98,3.20409523809524,5,-0.113541787848466
"OF","Adelaide River",2,2.55,3.20409523809524,2,0.288564678886332
"OP","Adelaide River",2,3.25714285714286,3.20409523809524,7,-0.447404923670072
"BM","Albany",2,4.46666666666667,3.39028792739898,66,1.07637873926768
"L","Albany",2,2.73376623376623,3.39028792739898,77,-0.656521693632749
"MF","Albany",2,3.11641791044776,3.39028792739898,67,-0.273870016951221
"OF","Albany",2,3.5864406779661,3.39028792739898,59,0.196152750567119
"OP","Albany",2,3.04814814814815,3.39028792739898,81,-0.342139779250834
"BM","Alice Springs",2,5.5475138121547,4.1226501580159,181,1.42486365413879
"L","Alice Springs",2,2.75862944162437,4.1226501580159,394,-1.36402071639154
"MF","Alice Springs",2,4.34713656387665,4.1226501580159,227,0.224486405860749
"OF","Alice Springs",2,4.53846153846154,4.1226501580159,169,0.415811380445636
"OP","Alice Springs",2,3.42150943396226,4.1226501580159,265,-0.701140724053638
"BM","Ararat",2,4.83908045977011,3.93153508843377,87,0.907545371336342
"L","Ararat",2,2.4937984496124,3.93153508843377,129,-1.43773663882137
"MF","Ararat",2,3.98740157480315,3.93153508843377,127,0.0558664863693776
"OF","Ararat",2,4.46764705882353,3.93153508843377,102,0.536111970389757
"OP","Ararat",2,3.86974789915966,3.93153508843377,119,-0.0617871892741082
"BM","Armidale",2,4.61927710843374,3.56033626508694,83,1.0589408433468
"L","Armidale",2,2.80727272727273,3.56033626508694,55,-0.75306353781421
"MF","Armidale",2,3.37659574468085,3.56033626508694,47,-0.183740520406086
"OF","Armidale",2,3.91481481481481,3.56033626508694,54,0.354478549727878
"OP","Armidale",2,3.08372093023256,3.56033626508694,43,-0.476615334854379
"BM","Ascot",2,4.07622877569258,3.3096332028079,1119,0.766595572884678
"L","Ascot",2,2.93126721763085,3.3096332028079,726,-0.378365985177051
"MF","Ascot",2,3.18031400966184,3.3096332028079,828,-0.129319193146069
"OF","Ascot",2,3.39851222104145,3.3096332028079,941,0.0888790182335408
"OP","Ascot",2,2.9618437900128,3.3096332028079,781,-0.3477894127951
"BM","Avoca",2,4.27096774193548,3.73248936368291,31,0.538478378252571
"L","Avoca",2,2.61777777777778,3.73248936368291,45,-1.11471158590513
"MF","Avoca",2,4.15,3.73248936368291,44,0.417510636317088
"OF","Avoca",2,4.90227272727273,3.73248936368291,44,1.16978336358982
"OP","Avoca",2,2.72142857142857,3.73248936368291,42,-1.01106079225434
"BM","Bairnsdale",2,6.39,4.17683333333333,20,0.978680173657695
"L","Bairnsdale",2,2.9,4.17683333333333,18,-0.846703105217439
"MF","Bairnsdale",2,4.29,4.17683333333333,20,-0.113541787848466
"OF","Bairnsdale",2,4.2375,4.17683333333333,16,0.288564678886332
"OP","Bairnsdale",2,3.06666666666667,4.17683333333333,18,-0.447404923670072
"BM","Ballarat",2,4.59478672985782,3.83076346758081,211,0.764023262277007
"L","Ballarat",2,3.21473684210526,3.83076346758081,190,-0.616026625475549
"MF","Ballarat",2,3.74190476190476,3.83076346758081,210,-0.0888587056760506
"OF","Ballarat",2,4.10266990291262,3.83076346758081,206,0.271906435331809
"OP","Ballarat",2,3.4997191011236,3.83076346758081,178,-0.331044366457217
"BM","Ballina",2,6.00766666666667,3.61177080726605,60,2.39589585940062
"L","Ballina",2,2.07588235294118,3.61177080726605,68,-1.53588845432487
"MF","Ballina",2,3.80246153846154,3.61177080726605,65,0.190690731195489
"OF","Ballina",2,3.38304347826087,3.61177080726605,46,-0.228727329005181
"OP","Ballina",2,2.7898,3.61177080726605,50,-0.82197080726605
"BM","Belmont",2,4.55655618850337,3.60747013399915,1931,0.949086054504219
"L","Belmont",2,3.09988017429194,3.60747013399915,1836,-0.507589959707208
"MF","Belmont",2,3.45317602642756,3.60747013399915,2119,-0.154294107571587
"OF","Belmont",2,3.80371511068335,3.60747013399915,2078,0.196244976684202
"OP","Belmont",2,3.12402317008952,3.60747013399915,1899,-0.483446963909626
"BM","Benalla",2,4.51923076923077,3.56649722597091,26,0.978680173657695
"L","Benalla",2,3.04210526315789,3.56649722597091,19,-0.846703105217439
"MF","Benalla",2,4.06315789473684,3.56649722597091,19,-0.113541787848466
"OF","Benalla",2,3.71851851851852,3.56649722597091,27,0.288564678886332
"OP","Benalla",2,2.48947368421053,3.56649722597091,19,-0.447404923670072
"BM","Bendigo",2,4.75610687022901,3.85628656926896,131,0.899820300960044
"L","Bendigo",2,4.04041095890411,3.85628656926896,73,0.184124389635145
"MF","Bendigo",2,3.048125,3.85628656926896,80,-0.808161569268964
"OF","Bendigo",2,3.54642857142857,3.85628656926896,84,-0.309857997840393
"OP","Bendigo",2,3.89036144578313,3.85628656926896,83,0.0340748765141683
"BM","Birdsville",2,5.57142857142857,4.31973834988541,7,0.978680173657695
"L","Birdsville",2,1.82352941176471,4.31973834988541,17,-0.846703105217439
"MF","Birdsville",2,5.55714285714286,4.31973834988541,7,-0.113541787848466
"OF","Birdsville",2,5.60909090909091,4.31973834988541,11,0.288564678886332
"OP","Birdsville",2,3.0375,4.31973834988541,8,-0.447404923670072
"BM","Bowen",2,4.51578947368421,3.7046455505279,19,0.978680173657695
"L","Bowen",2,1.56538461538462,3.7046455505279,26,-0.846703105217439
"MF","Bowen",2,4.21666666666667,3.7046455505279,24,-0.113541787848466
"OF","Bowen",2,4.64117647058824,3.7046455505279,17,0.288564678886332
"OP","Bowen",2,3.58421052631579,3.7046455505279,19,-0.447404923670072
"BM","Bowraville",2,2.5,2.80559523809524,2,0.978680173657695
"L","Bowraville",2,2.23333333333333,2.80559523809524,12,-0.846703105217439
"MF","Bowraville",2,4.1,2.80559523809524,10,-0.113541787848466
"OF","Bowraville",2,3.9375,2.80559523809524,8,0.288564678886332
"OP","Bowraville",2,1.25714285714286,2.80559523809524,7,-0.447404923670072
"BM","Broome",2,6.30357142857143,4.1350967064125,28,0.978680173657695
"L","Broome",2,1.62727272727273,4.1350967064125,44,-2.50782397913977
"MF","Broome",2,5.06315789473684,4.1350967064125,19,-0.113541787848466
"OF","Broome",2,4.72222222222222,4.1350967064125,18,0.288564678886332
"OP","Broome",2,2.95925925925926,4.1350967064125,27,-0.447404923670072
"BM","Burrumbeet",2,1.95,3.23961538461538,2,0.978680173657695
"L","Burrumbeet",2,2.89230769230769,3.23961538461538,13,-0.846703105217439
"MF","Burrumbeet",2,2.93076923076923,3.23961538461538,13,-0.113541787848466
"OF","Burrumbeet",2,5.025,3.23961538461538,4,0.288564678886332
"OP","Burrumbeet",2,3.4,3.23961538461538,8,-0.447404923670072
"BM","Camperdown",2,6.85,5.318,2,0.978680173657695
"L","Camperdown",2,4.53333333333333,5.318,3,-0.846703105217439
"MF","Camperdown",2,3.96,5.318,5,-0.113541787848466
"OF","Camperdown",2,6.56666666666667,5.318,3,0.288564678886332
"OP","Camperdown",2,4.68,5.318,5,-0.447404923670072
"BM","Canterbury",2,3.80077881619938,3.13856909345008,642,0.662209722749294
"L","Canterbury",2,2.58409506398537,3.13856909345008,547,-0.554474029464708
"MF","Canterbury",2,3.1847866419295,3.13856909345008,539,0.0462175484794161
"OF","Canterbury",2,3.25151515151515,3.13856909345008,594,0.112946058065068
"OP","Canterbury",2,2.87166979362101,3.13856909345008,533,-0.26689929982907
"BM","Carnarvon",2,7.02153846153846,4.72586488067949,39,2.29567358085897
"L","Carnarvon",2,2.81974683544304,4.72586488067949,79,-1.90611804523646
"MF","Carnarvon",2,4.39303571428571,4.72586488067949,56,-0.33282916639378
"OF","Carnarvon",2,5.32022727272727,4.72586488067949,44,0.594362392047779
"OP","Carnarvon",2,4.07477611940299,4.72586488067949,67,-0.651088761276509
"BM","Casterton",2,4.65705128205128,3.89755564507956,78,0.759495636971724
"L","Casterton",2,2.98967391304348,3.89755564507956,92,-0.907881732036079
"MF","Casterton",2,3.992,3.89755564507956,100,0.0944443549204421
"OF","Casterton",2,4.55113636363636,3.89755564507956,88,0.653580718556805
"OP","Casterton",2,3.29791666666667,3.89755564507956,96,-0.599638978412891
"BM","Caulfield",2,4.1880721220527,3.35747961062152,1442,0.830592511431184
"L","Caulfield",2,2.93445767195767,3.35747961062152,756,-0.423021938663849
"MF","Caulfield",2,3.14803680981595,3.35747961062152,815,-0.20944280080557
"OF","Caulfield",2,3.46393709327549,3.35747961062152,922,0.106457482653967
"OP","Caulfield",2,3.05289435600579,3.35747961062152,691,-0.304585254615732
"BM","Cessnock",2,5.38571428571429,3.47226293995859,21,0.978680173657695
"L","Cessnock",2,2.505,3.47226293995859,20,-0.846703105217439
"MF","Cessnock",2,2.4952380952381,3.47226293995859,21,-0.113541787848466
"OF","Cessnock",2,3.96666666666667,3.47226293995859,18,0.288564678886332
"OP","Cessnock",2,3.00869565217391,3.47226293995859,23,-0.447404923670072
"BM","Clare",2,4.46666666666667,3.77232100764732,6,0.978680173657695
"L","Clare",2,3.2025641025641,3.77232100764732,39,-0.569756905083221
"MF","Clare",2,3.176,3.77232100764732,25,-0.113541787848466
"OF","Clare",2,5.41111111111111,3.77232100764732,9,0.288564678886332
"OP","Clare",2,2.60526315789474,3.77232100764732,38,-1.16705784975259
"BM","Colac",2,4.08958333333333,3.68616329494425,48,0.403420038389079
"L","Colac",2,3.99705882352941,3.68616329494425,34,0.310895528585157
"MF","Colac",2,3.25135135135135,3.68616329494425,37,-0.434811943592904
"OF","Colac",2,3.94545454545455,3.68616329494425,33,0.25929125051029
"OP","Colac",2,3.14736842105263,3.68616329494425,38,-0.538794873891623
"BM","Coleraine",2,6.4,3.93390476190476,7,0.978680173657695
"L","Coleraine",2,3.54285714285714,3.93390476190476,14,-0.846703105217439
"MF","Coleraine",2,3.48,3.93390476190476,10,-0.113541787848466
"OF","Coleraine",2,2.8,3.93390476190476,8,0.288564678886332
"OP","Coleraine",2,3.44666666666667,3.93390476190476,15,-0.447404923670072
"BM","Corowa",2,5.458,4.52715769230769,10,0.978680173657695
"L","Corowa",2,2.7125,4.52715769230769,16,-0.846703105217439
"MF","Corowa",2,4.38846153846154,4.52715769230769,13,-0.113541787848466
"OF","Corowa",2,5.89307692307692,4.52715769230769,13,0.288564678886332
"OP","Corowa",2,4.18375,4.52715769230769,16,-0.447404923670072
"BM","Cranbourne",2,4.40983606557377,3.71946017683641,61,0.690375888737361
"L","Cranbourne",2,3.77297297297297,3.71946017683641,74,0.0535127961365638
"MF","Cranbourne",2,3.30123456790123,3.71946017683641,81,-0.418225608935175
"OF","Cranbourne",2,3.44390243902439,3.71946017683641,82,-0.275557737812019
"OP","Cranbourne",2,3.66935483870968,3.71946017683641,62,-0.0501053381267318
"BM","Donald",2,3.80363636363636,3.44291809408753,55,0.360718269548834
"L","Donald",2,3.61395348837209,3.44291809408753,43,0.171035394284563
"MF","Donald",2,3.00714285714286,3.44291809408753,42,-0.435775236944672
"OF","Donald",2,3.89591836734694,3.44291809408753,49,0.453000273259409
"OP","Donald",2,2.89393939393939,3.44291809408753,33,-0.548978700148135
"BM","Dongara",2,6.55,3.849,6,0.978680173657695
"L","Dongara",2,1.42,3.849,10,-0.846703105217439
"MF","Dongara",2,3.8,3.849,8,-0.113541787848466
"OF","Dongara",2,5.5,3.849,10,0.288564678886332
"OP","Dongara",2,1.975,3.849,8,-0.447404923670072
"BM","Doomben",2,4.05964788732394,3.50109330492271,1420,0.558554582401229
"L","Doomben",2,3.10514809590973,3.50109330492271,709,-0.395945209012982
"MF","Doomben",2,3.36695945945946,3.50109330492271,740,-0.134133845463255
"OF","Doomben",2,3.63500604594921,3.50109330492271,827,0.1339127410265
"OP","Doomben",2,3.33870503597122,3.50109330492271,695,-0.162388268951491
"BM","Dunkeld",2,3.775,3.19248519123897,4,0.978680173657695
"L","Dunkeld",2,2.26086956521739,3.19248519123897,23,-0.846703105217439
"MF","Dunkeld",2,2.504,3.19248519123897,25,-0.113541787848466
"OF","Dunkeld",2,3.93684210526316,3.19248519123897,19,0.288564678886332
"OP","Dunkeld",2,3.48571428571429,3.19248519123897,28,-0.447404923670072
"BM","Eagle Farm",2,4.39517543859649,3.80854568361236,342,0.58662975498413
"L","Eagle Farm",2,3.6168449197861,3.80854568361236,187,-0.191700763826265
"MF","Eagle Farm",2,3.86299019607843,3.80854568361236,204,0.0544445124660697
"OF","Eagle Farm",2,3.60458937198068,3.80854568361236,207,-0.203956311631685
"OP","Eagle Farm",2,3.56312849162011,3.80854568361236,179,-0.24541719199225
"BM","Echuca",2,4.65348837209302,3.89541181688512,172,0.758076555207904
"L","Echuca",2,3.01084905660377,3.89541181688512,106,-0.884562760281346
"MF","Echuca",2,3.51811023622047,3.89541181688512,127,-0.377301580664647
"OF","Echuca",2,4.77038461538462,3.89541181688512,130,0.874972798499496
"OP","Echuca",2,3.52422680412371,3.89541181688512,97,-0.371185012761408
"BM","Edenhope",2,5.09189189189189,4.0580481741623,37,1.03384371772959
"L","Edenhope",2,3.24848484848485,4.0580481741623,33,-0.809563325677456
"MF","Edenhope",2,3.9125,4.0580481741623,24,-0.113541787848466
"OF","Edenhope",2,4.42173913043478,4.0580481741623,23,0.288564678886332
"OP","Edenhope",2,3.615625,4.0580481741623,32,-0.442423174162304
"BM","Esperance",2,4.44137931034483,3.02723269825839,58,1.41414661208644
"L","Esperance",2,1.88641975308642,3.02723269825839,81,-1.14081294517197
"MF","Esperance",2,2.61044776119403,3.02723269825839,67,-0.416784937064359
"OF","Esperance",2,3.56666666666667,3.02723269825839,51,0.539433968408278
"OP","Esperance",2,2.63125,3.02723269825839,64,-0.395982698258388
"BM","Flemington",2,4.36872246696035,3.86443329639231,454,0.504289170568047
"L","Flemington",2,4.06102362204724,3.86443329639231,127,0.196590325654939
"MF","Flemington",2,3.51145833333333,3.86443329639231,144,-0.352974963058972
"OF","Flemington",2,3.64722222222222,3.86443329639231,180,-0.217211074170083
"OP","Flemington",2,3.73373983739837,3.86443329639231,123,-0.130693458993931
"BM","Geelong",2,4.55534979423868,3.77153232724314,243,0.783817466995548
"L","Geelong",2,3.18774834437086,3.77153232724314,151,-0.583783982872275
"MF","Geelong",2,3.51265432098765,3.77153232724314,162,-0.258878006255481
"OF","Geelong",2,4.00697674418605,3.77153232724314,172,0.235444416942912
"OP","Geelong",2,3.59493243243243,3.77153232724314,148,-0.176599894810703
"BM","Glen Innes",2,4.35,3.5125,4,0.978680173657695
"L","Glen Innes",2,5.5,3.5125,2,-0.846703105217439
"OF","Glen Innes",2,4.2,3.5125,1,0.288564678886332
"OP","Glen Innes",2,0,3.5125,1,-0.447404923670072
"BM","Gold Coast",2,4.78979591836735,3.56941675548493,294,1.22037916288241
"L","Gold Coast",2,2.73819444444444,3.56941675548493,360,-0.83122231104049
"MF","Gold Coast",2,3.35632911392405,3.56941675548493,316,-0.213087641560883
"OF","Gold Coast",2,3.92641509433962,3.56941675548493,318,0.356998338854689
"OP","Gold Coast",2,3.03634920634921,3.56941675548493,315,-0.533067549135728
"BM","Great Western",2,3.3,3.42706060606061,7,0.978680173657695
"L","Great Western",2,2.675,3.42706060606061,20,-0.846703105217439
"MF","Great Western",2,3.69,3.42706060606061,20,-0.113541787848466
"OF","Great Western",2,4.50666666666667,3.42706060606061,15,0.288564678886332
"OP","Great Western",2,2.96363636363636,3.42706060606061,22,-0.447404923670072
"BM","Gunbower",2,4.35333333333333,3.73783333333333,15,0.978680173657695
"L","Gunbower",2,2.1625,3.73783333333333,16,-0.846703105217439
"MF","Gunbower",2,4.41666666666667,3.73783333333333,18,-0.113541787848466
"OF","Gunbower",2,4.34,3.73783333333333,15,0.288564678886332
"OP","Gunbower",2,3.41666666666667,3.73783333333333,18,-0.447404923670072
"BM","Hamilton",2,4.3625,3.44227173750787,16,0.978680173657695
"L","Hamilton",2,3.41739130434783,3.44227173750787,23,-0.846703105217439
"MF","Hamilton",2,3.35757575757576,3.44227173750787,33,-0.0846959799321119
"OF","Hamilton",2,2.83103448275862,3.44227173750787,29,0.288564678886332
"OP","Hamilton",2,3.24285714285714,3.44227173750787,28,-0.447404923670072
"BM","Healesville",2,5.12222222222222,4.23472222222222,9,0.978680173657695
"L","Healesville",2,4.48888888888889,4.23472222222222,9,-0.846703105217439
"MF","Healesville",2,5.3,4.23472222222222,6,-0.113541787848466
"OF","Healesville",2,4.4625,4.23472222222222,8,0.288564678886332
"OP","Healesville",2,1.8,4.23472222222222,4,-0.447404923670072
"BM","Horsham",2,4.2925,3.54994841269841,40,0.742551587301587
"L","Horsham",2,2.71875,3.54994841269841,64,-0.831198412698412
"MF","Horsham",2,3.575,3.54994841269841,60,0.0250515873015873
"OF","Horsham",2,3.58571428571429,3.54994841269841,42,0.0357658730158734
"OP","Horsham",2,3.57777777777778,3.54994841269841,63,0.0278293650793655
"BM","Kangaroo Island",2,5.35,4.40136752136752,2,0.978680173657695
"L","Kangaroo Island",2,2.33846153846154,4.40136752136752,13,-0.846703105217439
"MF","Kangaroo Island",2,4.34615384615385,4.40136752136752,13,-0.113541787848466
"OF","Kangaroo Island",2,6.78333333333333,4.40136752136752,6,0.288564678886332
"OP","Kangaroo Island",2,3.18888888888889,4.40136752136752,9,-0.447404923670072
"BM","Katherine",2,5.9,3.942,4,0.978680173657695
"L","Katherine",2,2.28,3.942,5,-0.846703105217439
"MF","Katherine",2,2.9,3.942,3,-0.113541787848466
"OF","Katherine",2,6.65,3.942,2,0.288564678886332
"OP","Katherine",2,1.98,3.942,5,-0.447404923670072
"BM","Kerang",2,4.7,3.60766666666667,5,0.978680173657695
"L","Kerang",2,3.9,3.60766666666667,7,-0.846703105217439
"MF","Kerang",2,3.58333333333333,3.60766666666667,6,-0.113541787848466
"OF","Kerang",2,2.375,3.60766666666667,4,0.288564678886332
"OP","Kerang",2,3.48,3.60766666666667,5,-0.447404923670072
"BM","Kilcoy",2,6.25614035087719,4.27087007488598,57,1.98527027599121
"L","Kilcoy",2,2.43351063829787,4.27087007488598,94,-1.83735943658811
"MF","Kilcoy",2,4.32658227848101,4.27087007488598,79,0.0557122035950322
"OF","Kilcoy",2,4.96119402985075,4.27087007488598,67,0.690323954964766
"OP","Kilcoy",2,3.37692307692308,4.27087007488598,78,-0.893946997962904
"BM","Kilmore",2,4.68161764705882,3.6320348136708,136,1.04958283338802
"L","Kilmore",2,3.09142857142857,3.6320348136708,105,-0.540606242242228
"MF","Kilmore",2,3.61290322580645,3.6320348136708,124,-0.0191315878643477
"OF","Kilmore",2,3.63984962406015,3.6320348136708,133,0.00781481038935139
"OP","Kilmore",2,3.134375,3.6320348136708,96,-0.497659813670799
"BM","Kyneton",2,4.46355555555556,3.80425341627566,225,0.659302139279891
"L","Kyneton",2,3.03710691823899,3.80425341627566,159,-0.767146498036671
"MF","Kyneton",2,3.49153439153439,3.80425341627566,189,-0.312719024741273
"OF","Kyneton",2,4.26302083333333,3.80425341627566,192,0.458767417057668
"OP","Kyneton",2,3.76604938271605,3.80425341627566,162,-0.0382040335596154
"BM","Launceston",2,4.7409948542024,3.56090987863138,583,1.18008497557102
"L","Launceston",2,2.61280623608018,3.56090987863138,898,-0.948103642551205
"MF","Launceston",2,3.61633986928105,3.56090987863138,765,0.0554299906496625
"OF","Launceston",2,3.9609907120743,3.56090987863138,646,0.40008083344292
"OP","Launceston",2,2.87341772151899,3.56090987863138,790,-0.687492157112396
"BM","Manangatang",2,6.775,3.90668031968032,12,0.978680173657695
"L","Manangatang",2,2.22307692307692,3.90668031968032,13,-0.846703105217439
"MF","Manangatang",2,3.11818181818182,3.90668031968032,11,-0.113541787848466
"OF","Manangatang",2,3.86,3.90668031968032,10,0.288564678886332
"OP","Manangatang",2,3.55714285714286,3.90668031968032,14,-0.447404923670072
"BM","Mansfield",2,5.08888888888889,3.78394444444444,9,0.978680173657695
"L","Mansfield",2,4.26,3.78394444444444,5,-0.846703105217439
"MF","Mansfield",2,3.08333333333333,3.78394444444444,6,-0.113541787848466
"OF","Mansfield",2,1.275,3.78394444444444,4,0.288564678886332
"OP","Mansfield",2,5.2125,3.78394444444444,8,-0.447404923670072
"BM","Mildura",2,5.14375,3.55954508856683,16,0.978680173657695
"L","Mildura",2,2.81875,3.55954508856683,16,-0.846703105217439
"MF","Mildura",2,3.075,3.55954508856683,32,-0.484545088566827
"OF","Mildura",2,4.5037037037037,3.55954508856683,27,0.288564678886332
"OP","Mildura",2,2.25652173913043,3.55954508856683,23,-0.447404923670072
"BM","Moe",2,4.74590163934426,3.635365991348,122,1.11053564799626
"L","Moe",2,2.86096774193548,3.635365991348,155,-0.774398249412518
"MF","Moe",2,3.16278409090909,3.635365991348,176,-0.472581900438911
"OF","Moe",2,3.86832298136646,3.635365991348,161,0.232956990018458
"OP","Moe",2,3.53885350318471,3.635365991348,157,-0.0965124881632886
"BM","Moonee Valley",2,3.86369636963696,3.39661343343129,303,0.467082936205678
"L","Moonee Valley",2,2.69302176696543,3.39661343343129,781,-0.703591666465857
"MF","Moonee Valley",2,3.4546556122449,3.39661343343129,784,0.0580421788136123
"OF","Moonee Valley",2,3.84534206695779,3.39661343343129,687,0.448728633526501
"OP","Moonee Valley",2,3.12635135135135,3.39661343343129,814,-0.270262082079935
"BM","Moree",2,4.7375,3.4833818958819,8,0.978680173657695
"L","Moree",2,3.92727272727273,3.4833818958819,11,-0.846703105217439
"MF","Moree",2,3.4,3.4833818958819,8,-0.113541787848466
"OF","Moree",2,2.24444444444444,3.4833818958819,9,0.288564678886332
"OP","Moree",2,3.10769230769231,3.4833818958819,13,-0.447404923670072
"BM","Mornington",2,4.51895734597156,3.54676644589605,211,0.972190900075517
"L","Mornington",2,2.7797385620915,3.54676644589605,459,-0.767027883804543
"MF","Mornington",2,3.41155660377358,3.54676644589605,424,-0.135209842122462
"OF","Mornington",2,3.79141104294479,3.54676644589605,326,0.244644597048739
"OP","Mornington",2,3.2321686746988,3.54676644589605,415,-0.314597771197251
"BM","Morphettville",2,4.216796875,3.45798483722591,512,0.758812037774087
"L","Morphettville",2,2.86112054329372,3.45798483722591,589,-0.596864293932195
"MF","Morphettville",2,3.41477663230241,3.45798483722591,582,-0.0432082049235074
"OF","Morphettville",2,3.68398510242086,3.45798483722591,537,0.226000265194944
"OP","Morphettville",2,3.11324503311258,3.45798483722591,604,-0.34473980411333
"BM","Mortlake",2,5.65,3.50666666666667,2,0.978680173657695
"L","Mortlake",2,2.33333333333333,3.50666666666667,3,-0.846703105217439
"MF","Mortlake",2,6.1,3.50666666666667,4,-0.113541787848466
"OF","Mortlake",2,3.45,3.50666666666667,2,0.288564678886332
"OP","Mortlake",2,0,3.50666666666667,1,-0.447404923670072
"BM","Moruya",2,4.74655172413793,3.47082671888665,58,1.27572500525128
"L","Moruya",2,2.97941176470588,3.47082671888665,34,-0.491414954180772
"MF","Moruya",2,3.67777777777778,3.47082671888665,36,0.206951058891123
"OF","Moruya",2,3.67297297297297,3.47082671888665,37,0.202146254086318
"OP","Moruya",2,2.27741935483871,3.47082671888665,31,-1.19340736404795
"BM","Mount Gambier",2,4.59545454545455,3.70962676453981,22,0.978680173657695
"L","Mount Gambier",2,3.61785714285714,3.70962676453981,28,-0.846703105217439
"MF","Mount Gambier",2,3.77391304347826,3.70962676453981,23,-0.113541787848466
"OF","Mount Gambier",2,2.64090909090909,3.70962676453981,22,0.288564678886332
"OP","Mount Gambier",2,3.92,3.70962676453981,25,-0.447404923670072
"BM","Mount Isa",2,5.1,3.42533333333333,2,0.978680173657695
"L","Mount Isa",2,2.26,3.42533333333333,5,-0.846703105217439
"MF","Mount Isa",2,3.4,3.42533333333333,1,-0.113541787848466
"OF","Mount Isa",2,3.7,3.42533333333333,2,0.288564678886332
"OP","Mount Isa",2,2.66666666666667,3.42533333333333,3,-0.447404923670072
"BM","Mudgee",2,4.7825,4.08063234384663,40,0.70186765615337
"L","Mudgee",2,2.54181818181818,4.08063234384663,55,-1.53881416202845
"MF","Mudgee",2,4.02,4.08063234384663,50,-0.0606323438466294
"OF","Mudgee",2,5.06904761904762,4.08063234384663,42,0.988415275200989
"OP","Mudgee",2,3.98979591836735,4.08063234384663,49,-0.0908364254792828
"BM","Murtoa",2,4.7,3.83406060606061,10,0.978680173657695
"L","Murtoa",2,2.34,3.83406060606061,10,-0.846703105217439
"MF","Murtoa",2,3.62727272727273,3.83406060606061,11,-0.113541787848466
"OF","Murtoa",2,5.56666666666667,3.83406060606061,15,0.288564678886332
"OP","Murtoa",2,2.93636363636364,3.83406060606061,11,-0.447404923670072
"BM","Naracoorte",2,5.85384615384615,4.06172889305816,26,0.978680173657695
"L","Naracoorte",2,2.54461538461538,4.06172889305816,65,-1.51711350844278
"MF","Naracoorte",2,3.79268292682927,4.06172889305816,41,-0.269045966228893
"OF","Naracoorte",2,4.62285714285714,4.06172889305816,35,0.561128249798982
"OP","Naracoorte",2,3.49464285714286,4.06172889305816,56,-0.567086035915304
"BM","Narrogin",2,5.78823529411765,3.53502096669475,17,0.978680173657695
"L","Narrogin",2,2.83404255319149,3.53502096669475,47,-0.700978413503258
"MF","Narrogin",2,3.06444444444444,3.53502096669475,45,-0.470576522250302
"OF","Narrogin",2,3.50789473684211,3.53502096669475,38,-0.0271262298526413
"OP","Narrogin",2,2.48048780487805,3.53502096669475,41,-1.0545331618167
"BM","Newcastle",2,4.15064039408867,3.46131701415407,203,0.6893233799346
"L","Newcastle",2,2.93299559471366,3.46131701415407,227,-0.528321419440414
"MF","Newcastle",2,3.47341463414634,3.46131701415407,205,0.0120976199922715
"OF","Newcastle",2,3.58852380952381,3.46131701415407,210,0.12720679536974
"OP","Newcastle",2,3.16101063829787,3.46131701415407,188,-0.300306375856198
"L","Nhill",2,3.02142857142857,3.49764880952381,14,-0.846703105217439
"MF","Nhill",2,1.8875,3.49764880952381,8,-0.113541787848466
"OF","Nhill",2,5.175,3.49764880952381,4,0.288564678886332
"OP","Nhill",2,3.90666666666667,3.49764880952381,15,-0.447404923670072
"BM","Northam",2,4.99805555555556,3.7605630952381,36,1.23749246031746
"L","Northam",2,2.698,3.7605630952381,60,-1.0625630952381
"MF","Northam",2,4.04063492063492,3.7605630952381,63,0.280071825396826
"OF","Northam",2,4.11479166666667,3.7605630952381,48,0.354228571428572
"OP","Northam",2,2.95133333333333,3.7605630952381,60,-0.809229761904762
"BM","Pakenham",2,4.72908163265306,3.99732427739008,98,0.73175735526298
"L","Pakenham",2,3.69253731343284,3.99732427739008,67,-0.304786963957246
"MF","Pakenham",2,3.75714285714286,3.99732427739008,77,-0.240181420247224
"OF","Pakenham",2,3.92567567567568,3.99732427739008,74,-0.0716486017144056
"OP","Pakenham",2,3.88218390804598,3.99732427739008,87,-0.115140369344104
"BM","Penola",2,4.85217391304348,4.02071658615137,23,0.978680173657695
"L","Penola",2,2.08611111111111,4.02071658615137,36,-1.93460547504026
"MF","Penola",2,5.33703703703704,4.02071658615137,27,-0.113541787848466
"OF","Penola",2,4.27826086956522,4.02071658615137,23,0.288564678886332
"OP","Penola",2,3.55,4.02071658615137,34,-0.470716586151369
"BM","Port Augusta",2,5.86129032258065,4.69034423556782,31,1.17094608701283
"L","Port Augusta",2,2.56891891891892,4.69034423556782,74,-2.1214253166489
"MF","Port Augusta",2,5.15961538461538,4.69034423556782,52,0.469271149047567
"OF","Port Augusta",2,5.905,4.69034423556782,40,1.21465576443218
"OP","Port Augusta",2,3.95689655172414,4.69034423556782,58,-0.733447683843679
"L","Port Hedland",2,4.03333333333333,3.2375,9,-0.846703105217439
"MF","Port Hedland",2,4.36666666666667,3.2375,6,-0.113541787848466
"OF","Port Hedland",2,3,3.2375,1,0.288564678886332
"OP","Port Hedland",2,1.55,3.2375,6,-0.447404923670072
"BM","Queanbeyan",2,4.9,4.1763983013554,13,0.978680173657695
"L","Queanbeyan",2,3.21739130434783,4.1763983013554,23,-0.846703105217439
"MF","Queanbeyan",2,4.76315789473684,4.1763983013554,19,-0.113541787848466
"OF","Queanbeyan",2,5.30769230769231,4.1763983013554,13,0.288564678886332
"OP","Queanbeyan",2,2.69375,4.1763983013554,16,-0.447404923670072
"BM","Randwick",2,3.91196911196911,3.29409082695175,1554,0.617878285017363
"L","Randwick",2,2.86502369668246,3.29409082695175,1055,-0.429067130269285
"MF","Randwick",2,3.21341222879684,3.29409082695175,1014,-0.080678598154905
"OF","Randwick",2,3.28581623550401,3.29409082695175,1121,-0.0082745914477349
"OP","Randwick",2,3.19423286180631,3.29409082695175,919,-0.0998579651454379
"L","Roebourne",2,2.02,3.1425,20,-0.846703105217439
"MF","Roebourne",2,1.66666666666667,3.1425,3,-0.113541787848466
"OF","Roebourne",2,4.68333333333333,3.1425,6,0.288564678886332
"OP","Roebourne",2,4.2,3.1425,18,-0.447404923670072
"BM","Roma",2,5.96818181818182,4.62955779220779,22,0.978680173657695
"L","Roma",2,2.15,4.62955779220779,30,-2.47955779220779
"MF","Roma",2,5.868,4.62955779220779,25,-0.113541787848466
"OF","Roma",2,4.46875,4.62955779220779,16,0.288564678886332
"OP","Roma",2,4.69285714285714,4.62955779220779,28,-0.447404923670072
"BM","Rosehill",2,3.97786824574389,3.17602879576438,1351,0.801839449979518
"L","Rosehill",2,2.6460372960373,3.17602879576438,858,-0.52999149972708
"MF","Rosehill",2,3.07677119628339,3.17602879576438,861,-0.0992575994809846
"OF","Rosehill",2,3.2792194092827,3.17602879576438,948,0.103190613518325
"OP","Rosehill",2,2.9002478314746,3.17602879576438,807,-0.275780964289778
"BM","Sale",2,4.55997023809524,3.88114859025063,336,0.678821647844607
"L","Sale",2,3.44834024896266,3.88114859025063,241,-0.432808341287975
"MF","Sale",2,3.84574898785425,3.88114859025063,247,-0.0353996023963798
"OF","Sale",2,3.91446886446886,3.88114859025063,273,0.0333202742182332
"OP","Sale",2,3.63721461187215,3.88114859025063,219,-0.243933978378485
"BM","Sandown",2,4.46195342205323,3.58366055539519,2104,0.878292866658041
"L","Sandown",2,2.87621951219512,3.58366055539519,1558,-0.707441043200069
"MF","Sandown",2,3.56137277426766,3.58366055539519,1741,-0.0222877811275284
"OF","Sandown",2,3.90548546352167,3.58366055539519,1823,0.321824908126477
"OP","Sandown",2,3.11327160493827,3.58366055539519,1620,-0.470388950456919
"BM","Scone",2,6.17142857142857,4.79428571428571,7,0.978680173657695
"L","Scone",2,3.2,4.79428571428571,5,-0.846703105217439
"MF","Scone",2,5.41666666666667,4.79428571428571,6,-0.113541787848466
"OF","Scone",2,2.75,4.79428571428571,4,0.288564678886332
"OP","Scone",2,6.43333333333333,4.79428571428571,3,-0.447404923670072
"BM","Seymour",2,4.20598290598291,3.67148194099807,117,0.534500964984836
"L","Seymour",2,3.19020979020979,3.67148194099807,143,-0.48127215078828
"MF","Seymour",2,3.57613636363636,3.67148194099807,132,-0.0953455773617065
"OF","Seymour",2,3.91008064516129,3.67148194099807,124,0.23859870416322
"OP","Seymour",2,3.475,3.67148194099807,124,-0.19648194099807
"BM","Stawell",2,4.75655172413793,3.69560627524386,145,1.06094544889407
"L","Stawell",2,2.91832061068702,3.69560627524386,131,-0.777285664556835
"MF","Stawell",2,3.36851851851852,3.69560627524386,162,-0.327087756725339
"OF","Stawell",2,4.13464052287582,3.69560627524386,153,0.439034247631959
"OP","Stawell",2,3.3,3.69560627524386,137,-0.395606275243858
"BM","Stony Creek",2,4.7421052631579,3.58659323906583,38,1.15551202409206
"L","Stony Creek",2,1.93142857142857,3.58659323906583,35,-1.65516466763726
"MF","Stony Creek",2,3.528,3.58659323906583,25,-0.113541787848466
"OF","Stony Creek",2,4.02758620689655,3.58659323906583,29,0.288564678886332
"OP","Stony Creek",2,3.70384615384615,3.58659323906583,26,-0.447404923670072
"BM","Swan Hill",2,5.13627450980392,3.88636095048049,153,1.24991355932343
"L","Swan Hill",2,2.99173553719008,3.88636095048049,121,-0.894625413290405
"MF","Swan Hill",2,3.86196581196581,3.88636095048049,117,-0.0243951385146759
"OF","Swan Hill",2,4.03401639344262,3.88636095048049,122,0.147655442962135
"OP","Swan Hill",2,3.4078125,3.88636095048049,128,-0.478548450480488
"BM","Tatura",2,5.52857142857143,3.83179364672816,35,1.69677778184326
"L","Tatura",2,2.45283018867925,3.83179364672816,53,-1.37896345804892
"MF","Tatura",2,3.86444444444444,3.83179364672816,45,0.0326507977162809
"OF","Tatura",2,4.78235294117647,3.83179364672816,51,0.950559294448307
"OP","Tatura",2,2.53076923076923,3.83179364672816,52,-1.30102441595893
"BM","Terang",2,4.871875,3.99286641395689,32,0.879008586043113
"L","Terang",2,2.79,3.99286641395689,20,-0.846703105217439
"MF","Terang",2,3.20434782608696,3.99286641395689,23,-0.113541787848466
"OF","Terang",2,4.53928571428571,3.99286641395689,28,0.288564678886332
"OP","Terang",2,4.55882352941176,3.99286641395689,17,-0.447404923670072
"BM","Toodyay",2,0.9,3.20666666666667,1,0.978680173657695
"L","Toodyay",2,1.45,3.20666666666667,6,-0.846703105217439
"MF","Toodyay",2,4.73333333333333,3.20666666666667,3,-0.113541787848466
"OF","Toodyay",2,7.3,3.20666666666667,1,0.288564678886332
"OP","Toodyay",2,1.65,3.20666666666667,4,-0.447404923670072
"BM","Toowoomba",2,5.26380597014925,4.03486916130056,268,1.22893680884869
"L","Toowoomba",2,2.78934010152284,4.03486916130056,394,-1.24552905977772
"MF","Toowoomba",2,4.02696629213483,4.03486916130056,356,-0.00790286916573013
"OF","Toowoomba",2,4.43265306122449,4.03486916130056,294,0.397783899923928
"OP","Toowoomba",2,3.66158038147139,4.03486916130056,367,-0.373288779829172
"BM","Towong",2,2.26666666666667,2.62277777777778,3,0.978680173657695
"L","Towong",2,2.525,2.62277777777778,8,-0.846703105217439
"MF","Towong",2,1.85714285714286,2.62277777777778,7,-0.113541787848466
"OF","Towong",2,2.02222222222222,2.62277777777778,9,0.288564678886332
"OP","Towong",2,4.44285714285714,2.62277777777778,7,-0.447404923670072
"BM","Traralgon",2,6.1,4.04380952380952,5,0.978680173657695
"L","Traralgon",2,3.43333333333333,4.04380952380952,6,-0.846703105217439
"MF","Traralgon",2,6.18571428571429,4.04380952380952,7,-0.113541787848466
"OF","Traralgon",2,2.38333333333333,4.04380952380952,6,0.288564678886332
"OP","Traralgon",2,2.11666666666667,4.04380952380952,6,-0.447404923670072
"BM","Walcha",2,4.8,2.625,3,0.978680173657695
"L","Walcha",2,3,2.625,2,-0.846703105217439
"MF","Walcha",2,0.8,2.625,1,-0.113541787848466
"OF","Walcha",2,1.9,2.625,3,0.288564678886332
"BM","Wangaratta",2,4.53740310077519,3.92165323828076,258,0.615749862494438
"L","Wangaratta",2,3.51204819277108,3.92165323828076,166,-0.409605045509671
"MF","Wangaratta",2,4.10088888888889,3.92165323828076,225,0.179235650608133
"OF","Wangaratta",2,3.83542600896861,3.92165323828076,223,-0.0862272293121458
"OP","Wangaratta",2,3.6225,3.92165323828076,180,-0.299153238280756
"BM","Warracknabeal",2,4.63068181818182,3.81309705346024,88,0.81758476472158
"L","Warracknabeal",2,3.598,3.81309705346024,50,-0.215097053460239
"MF","Warracknabeal",2,3.05857142857143,3.81309705346024,70,-0.75452562488881
"OF","Warracknabeal",2,3.85479452054795,3.81309705346024,73,0.0416974670877068
"OP","Warracknabeal",2,3.9234375,3.81309705346024,64,0.110340446539761
"BM","Warrnambool",2,4.90275229357798,3.8544979684399,109,1.04825432513809
"L","Warrnambool",2,3.60333333333333,3.8544979684399,90,-0.251164635106563
"MF","Warrnambool",2,3.73185840707965,3.8544979684399,113,-0.12263956136025
"OF","Warrnambool",2,3.74020618556701,3.8544979684399,97,-0.114291782872886
"OP","Warrnambool",2,3.29433962264151,3.8544979684399,106,-0.560158345798387
"BM","Warwick",2,5.07045454545455,3.68217667798966,44,1.38827786746488
"L","Warwick",2,2.81698113207547,3.68217667798966,53,-0.865195545914192
"MF","Warwick",2,3.47083333333333,3.68217667798966,48,-0.21134334465633
"OF","Warwick",2,4.00555555555556,3.68217667798966,36,0.323378877565892
"OP","Warwick",2,3.04705882352941,3.68217667798966,51,-0.635117854460252
"BM","Warwick Farm",2,3.78099173553719,3.1134216125275,363,0.66757012300969
"L","Warwick Farm",2,2.71400966183575,3.1134216125275,207,-0.399411950691751
"MF","Warwick Farm",2,2.99631578947368,3.1134216125275,190,-0.117105823053815
"OF","Warwick Farm",2,3.18787878787879,3.1134216125275,231,0.0744571753512884
"OP","Warwick Farm",2,2.88791208791209,3.1134216125275,182,-0.225509524615412
"BM","Wellington",2,5.70619047619048,3.75752899267399,63,1.94866148351648
"L","Wellington",2,1.87270833333333,3.75752899267399,48,-1.88482065934066
"MF","Wellington",2,3.8554,3.75752899267399,50,0.0978710073260074
"OF","Wellington",2,4.15384615384615,3.75752899267399,39,0.396317161172162
"OP","Wellington",2,3.1995,3.75752899267399,40,-0.558028992673993
"BM","Werribee",2,4.63734939759036,3.58254297857699,166,1.05480641901337
"L","Werribee",2,2.57948717948718,3.58254297857699,117,-1.00305579908981
"MF","Werribee",2,3.99903846153846,3.58254297857699,104,0.416495482961468
"OF","Werribee",2,3.53983050847458,3.58254297857699,118,-0.0427124701024177
"OP","Werribee",2,3.15700934579439,3.58254297857699,107,-0.425533632782602
"BM","Wodonga",2,4.27291666666667,3.75819825575257,48,0.5147184109141
"L","Wodonga",2,3.55142857142857,3.75819825575257,35,-0.206769684323995
"MF","Wodonga",2,3.72682926829268,3.75819825575257,41,-0.0313689874598833
"OF","Wodonga",2,4.21860465116279,3.75819825575257,43,0.460406395410224
"OP","Wodonga",2,3.02121212121212,3.75819825575257,33,-0.736986134540445
"BM","Yarra Valley",2,5.08360655737705,3.57722280314326,61,1.50638375423379
"L","Yarra Valley",2,2.65584415584416,3.57722280314326,77,-0.921378647299104
"MF","Yarra Valley",2,3.42298850574713,3.57722280314326,87,-0.154234297396133
"OF","Yarra Valley",2,3.84634146341463,3.57722280314326,82,0.269118660271374
"OP","Yarra Valley",2,2.87733333333333,3.57722280314326,75,-0.699889469809926
"BM","Yeppoon",2,3.35,3.13211621711622,4,0.978680173657695
"L","Yeppoon",2,2.31818181818182,3.13211621711622,11,-0.846703105217439
"MF","Yeppoon",2,4.10714285714286,3.13211621711622,14,-0.113541787848466
"OF","Yeppoon",2,3.27692307692308,3.13211621711622,13,0.288564678886332
"OP","Yeppoon",2,2.60833333333333,3.13211621711622,12,-0.447404923670072
"BM","York",2,5.2,3.29344537815126,21,0.978680173657695
"L","York",2,1.7,3.29344537815126,36,-1.59344537815126
"MF","York",2,2.76428571428571,3.29344537815126,28,-0.113541787848466
"OF","York",2,4.25294117647059,3.29344537815126,34,0.959495798319328
"OP","York",2,2.55,3.29344537815126,38,-0.743445378151261
"BM","Ararat",3,4.85217391304348,3.85880996298388,46,0.993363950059602
"L","Ararat",3,3.32727272727273,3.85880996298388,44,-0.531537235711149
"MF","Ararat",3,4.26888888888889,3.85880996298388,45,0.410078925905013
"OF","Ararat",3,3.93571428571429,3.85880996298388,42,0.0769043227304098
"OP","Ararat",3,2.91,3.85880996298388,50,-0.948809962983876
"BM","Ascot",3,4.0372641509434,3.46665171761023,212,0.57061243333317
"L","Ascot",3,3.50121212121212,3.46665171761023,165,0.0345604036018954
"MF","Ascot",3,3.18258706467662,3.46665171761023,201,-0.284064652933609
"OF","Ascot",3,3.36556603773585,3.46665171761023,212,-0.101085679874377
"OP","Ascot",3,3.24662921348315,3.46665171761023,178,-0.220022504127079
"BM","Bairnsdale",3,2.83333333333333,3.5852380952381,3,0.894492062674605
"L","Bairnsdale",3,2.47142857142857,3.5852380952381,14,-0.3987676260307
"MF","Bairnsdale",3,3.74285714285714,3.5852380952381,14,-0.131232916792016
"OF","Bairnsdale",3,5.16428571428571,3.5852380952381,14,0.0248097192595807
"OP","Bairnsdale",3,3.71428571428571,3.5852380952381,14,-0.348420003893879
"BM","Camperdown",3,3.84444444444444,3.65184126984127,9,0.894492062674605
"L","Camperdown",3,1.45,3.65184126984127,4,-0.3987676260307
"MF","Camperdown",3,3.26,3.65184126984127,5,-0.131232916792016
"OF","Camperdown",3,4.17142857142857,3.65184126984127,7,0.0248097192595807
"OP","Camperdown",3,5.53333333333333,3.65184126984127,6,-0.348420003893879
"BM","Canterbury",3,4.26666666666667,3.27196825396825,3,0.894492062674605
"L","Canterbury",3,2.11428571428571,3.27196825396825,7,-0.3987676260307
"MF","Canterbury",3,2.64,3.27196825396825,5,-0.131232916792016
"OF","Canterbury",3,4.45,3.27196825396825,4,0.0248097192595807
"OP","Canterbury",3,2.88888888888889,3.27196825396825,9,-0.348420003893879
"BM","Caulfield",3,4.22162162162162,3.66432695214147,148,0.55729466948015
"L","Caulfield",3,3.15090909090909,3.66432695214147,55,-0.513417861232381
"MF","Caulfield",3,3.648,3.66432695214147,50,-0.0163269521414717
"OF","Caulfield",3,3.57049180327869,3.66432695214147,61,-0.0938351488627833
"OP","Caulfield",3,3.73061224489796,3.66432695214147,49,0.0662852927564872
"BM","Coleraine",3,4.375,4.01885714285714,4,0.894492062674605
"L","Coleraine",3,4.51428571428571,4.01885714285714,7,-0.3987676260307
"MF","Coleraine",3,1.75,4.01885714285714,4,-0.131232916792016
"OF","Coleraine",3,5.775,4.01885714285714,4,0.0248097192595807
"OP","Coleraine",3,3.68,4.01885714285714,5,-0.348420003893879
"BM","Cranbourne",3,3.716,3.54986666666667,25,0.894492062674605
"L","Cranbourne",3,3,3.54986666666667,17,-0.3987676260307
"MF","Cranbourne",3,3.425,3.54986666666667,16,-0.131232916792016
"OF","Cranbourne",3,4.63333333333333,3.54986666666667,15,0.0248097192595807
"OP","Cranbourne",3,2.975,3.54986666666667,16,-0.348420003893879
"BM","Eagle Farm",3,5.35,7.175,6,0.894492062674605
"L","Eagle Farm",3,9,7.175,1,-0.3987676260307
"BM","Echuca",3,4.78030303030303,3.93310914290983,132,0.847193887393196
"L","Echuca",3,3.70373134328358,3.93310914290983,134,-0.229377799626253
"MF","Echuca",3,3.73993902439024,3.93310914290983,164,-0.193170118519591
"OF","Echuca",3,4.29087301587302,3.93310914290983,126,0.357763872963182
"OP","Echuca",3,3.1506993006993,3.93310914290983,143,-0.782409842210534
"BM","Horsham",3,5.61818181818182,3.97344211344211,11,0.894492062674605
"L","Horsham",3,3.19090909090909,3.97344211344211,11,-0.3987676260307
"MF","Horsham",3,4.98888888888889,3.97344211344211,9,-0.131232916792016
"OF","Horsham",3,2.7,3.97344211344211,8,0.0248097192595807
"OP","Horsham",3,3.36923076923077,3.97344211344211,13,-0.348420003893879
"BM","Kyneton",3,4.225,4.15433333333333,4,0.894492062674605
"L","Kyneton",3,4.08,4.15433333333333,5,-0.3987676260307
"MF","Kyneton",3,4.725,4.15433333333333,4,-0.131232916792016
"OF","Kyneton",3,4.36666666666667,4.15433333333333,6,0.0248097192595807
"OP","Kyneton",3,3.375,4.15433333333333,4,-0.348420003893879
"BM","Moe",3,4.68035714285714,3.79209914938862,84,0.88825799346852
"L","Moe",3,3.13,3.79209914938862,60,-0.662099149388623
"MF","Moe",3,3.88289473684211,3.79209914938862,76,0.0907955874534823
"OF","Moe",3,3.11269841269841,3.79209914938862,63,-0.67940073669021
"OP","Moe",3,4.15454545454545,3.79209914938862,77,0.362446305156831
"BM","Moonee Valley",3,4.31341463414634,3.4892647748906,533,0.824149859255744
"L","Moonee Valley",3,2.99523160762943,3.4892647748906,367,-0.49403316726117
"MF","Moonee Valley",3,3.27035175879397,3.4892647748906,398,-0.218913016096628
"OF","Moonee Valley",3,3.69695550351288,3.4892647748906,427,0.207690728622283
"OP","Moonee Valley",3,3.17037037037037,3.4892647748906,351,-0.318894404520227
"BM","Mornington",3,4.28975,3.45292739739747,200,0.836822602602528
"L","Mornington",3,2.73978102189781,3.45292739739747,137,-0.713146375499662
"MF","Mornington",3,3.12885906040268,3.45292739739747,149,-0.324068336994788
"OF","Mornington",3,3.61526946107784,3.45292739739747,167,0.162342063680372
"OP","Mornington",3,3.49097744360902,3.45292739739747,133,0.0380500462115503
"BM","Morphettville",3,4.2416,3.77501497612023,125,0.466585023879768
"L","Morphettville",3,3.23240223463687,3.77501497612023,179,-0.54261274148336
"MF","Morphettville",3,3.61978609625668,3.77501497612023,187,-0.155228879863547
"OF","Morphettville",3,3.8812865497076,3.77501497612023,171,0.10627157358737
"OP","Morphettville",3,3.9,3.77501497612023,203,0.124985023879768
"BM","Murtoa",3,3.96666666666667,3.592,3,0.894492062674605
"L","Murtoa",3,1.1,3.592,4,-0.3987676260307
"MF","Murtoa",3,5.23333333333333,3.592,6,-0.131232916792016
"OF","Murtoa",3,5.16,3.592,5,0.0248097192595807
"OP","Murtoa",3,2.5,3.592,6,-0.348420003893879
"BM","Penshurst",3,3.33333333333333,3.59166666666667,3,0.894492062674605
"L","Penshurst",3,4.525,3.59166666666667,4,-0.3987676260307
"MF","Penshurst",3,2.9,3.59166666666667,5,-0.131232916792016
"OF","Penshurst",3,5.075,3.59166666666667,4,0.0248097192595807
"OP","Penshurst",3,2.125,3.59166666666667,4,-0.348420003893879
"BM","Randwick",3,4.09234449760766,3.35506973941654,418,0.737274758191111
"L","Randwick",3,2.98307086614173,3.35506973941654,254,-0.371998873274812
"MF","Randwick",3,2.8756,3.35506973941654,250,-0.479469739416544
"OF","Randwick",3,3.296,3.35506973941654,275,-0.0590697394165445
"OP","Randwick",3,3.52833333333333,3.35506973941654,240,0.173263593916789
"BM","Rosehill",3,4.21634980988593,3.50888599304773,526,0.707463816838198
"L","Rosehill",3,3.41358490566038,3.50888599304773,265,-0.0953010873873561
"MF","Rosehill",3,3.16730038022814,3.50888599304773,263,-0.341585612819597
"OF","Rosehill",3,3.60776397515528,3.50888599304773,322,0.0988779821075458
"OP","Rosehill",3,3.13943089430894,3.50888599304773,246,-0.36945509873879
"BM","Sale",3,4.3843137254902,3.83880442079324,51,0.545509304696961
"L","Sale",3,3.86769230769231,3.83880442079324,65,0.0288878868990716
"MF","Sale",3,3.55916666666667,3.83880442079324,60,-0.279637754126569
"OF","Sale",3,4.02746478873239,3.83880442079324,71,0.188660367939158
"OP","Sale",3,3.35538461538462,3.83880442079324,65,-0.48341980540862
"BM","Sandown",3,4.64363636363636,3.77786117176224,330,0.865775191874128
"L","Sandown",3,3.39210526315789,3.77786117176224,114,-0.38575590860434
"MF","Sandown",3,3.83484848484848,3.77786117176224,132,0.0569873130862497
"OF","Sandown",3,3.67018633540373,3.77786117176224,161,-0.107674836358508
"OP","Sandown",3,3.34852941176471,3.77786117176224,136,-0.429331759997529
"BM","Seymour",3,4.34339622641509,3.45054211547097,53,0.892854110944127
"L","Seymour",3,3.20227272727273,3.45054211547097,44,-0.248269388198239
"MF","Seymour",3,2.98222222222222,3.45054211547097,45,-0.468319893248744
"OF","Seymour",3,3.57745098039216,3.45054211547097,51,0.12690886492119
"OP","Seymour",3,3.14736842105263,3.45054211547097,38,-0.303173694418335
"BM","Stony Creek",3,5.17878787878788,3.70082941671625,33,1.47795846207163
"L","Stony Creek",3,3.05348837209302,3.70082941671625,43,-0.647341044623222
"MF","Stony Creek",3,3.67551020408163,3.70082941671625,49,-0.0253192126346131
"OF","Stony Creek",3,4.33225806451613,3.70082941671625,31,0.631428647799883
"OP","Stony Creek",3,2.26410256410256,3.70082941671625,39,-1.43672685261368
"BM","Swan Hill",3,4.9,3.77318580686053,107,1.12681419313947
"L","Swan Hill",3,3.37954545454545,3.77318580686053,44,-0.393640352315073
"MF","Swan Hill",3,3.6031914893617,3.77318580686053,47,-0.169994317498825
"OF","Swan Hill",3,3.54152542372881,3.77318580686053,59,-0.231660383131714
"OP","Swan Hill",3,3.44166666666667,3.77318580686053,48,-0.331519140193861
"BM","Tatura",3,7.76666666666667,4.76737179487179,3,0.894492062674605
"L","Tatura",3,2.76666666666667,4.76737179487179,12,-0.3987676260307
"MF","Tatura",3,5.05833333333333,4.76737179487179,12,-0.131232916792016
"OF","Tatura",3,4.5375,4.76737179487179,8,0.0248097192595807
"OP","Tatura",3,3.70769230769231,4.76737179487179,13,-0.348420003893879
"BM","Terang",3,4.38947368421053,4.23318623481781,19,0.894492062674605
"L","Terang",3,2.475,4.23318623481781,20,-0.3987676260307
"MF","Terang",3,4.98461538461538,4.23318623481781,13,-0.131232916792016
"OF","Terang",3,5.38,4.23318623481781,15,0.0248097192595807
"OP","Terang",3,3.93684210526316,4.23318623481781,19,-0.348420003893879
"BM","Traralgon",3,5.35,4.00544444444444,10,0.894492062674605
"L","Traralgon",3,2.32222222222222,4.00544444444444,9,-0.3987676260307
"MF","Traralgon",3,5.3,4.00544444444444,10,-0.131232916792016
"OF","Traralgon",3,4.03,4.00544444444444,10,0.0248097192595807
"OP","Traralgon",3,3.025,4.00544444444444,12,-0.348420003893879
"BM","Wangaratta",3,5.29736842105263,4.26222520587182,57,1.03514321518081
"L","Wangaratta",3,3.76734693877551,4.26222520587182,49,-0.494878267096313
"MF","Wangaratta",3,4.69385964912281,4.26222520587182,57,0.431634443250984
"OF","Wangaratta",3,3.97755102040816,4.26222520587182,49,-0.284674185463659
"OP","Wangaratta",3,3.575,4.26222520587182,60,-0.687225205871822
"BM","Warwick Farm",3,3.95328467153285,3.31418077416058,137,0.639103897372267
"L","Warwick Farm",3,2.80090909090909,3.31418077416058,110,-0.513271683251489
"MF","Warwick Farm",3,2.93697478991597,3.31418077416058,119,-0.377205984244614
"OF","Warwick Farm",3,3.60769230769231,3.31418077416058,130,0.293511533531728
"OP","Warwick Farm",3,3.27204301075269,3.31418077416058,93,-0.0421377634078919
"BM","Werribee",3,4.7725,3.50825,40,1.26425
"L","Werribee",3,3.36666666666667,3.50825,30,-0.141583333333333
"MF","Werribee",3,2.78333333333333,3.50825,24,-0.131232916792016
"OF","Werribee",3,3.35,3.50825,28,0.0248097192595807
"OP","Werribee",3,3.26875,3.50825,32,-0.2395
"BM","Yarra Valley",3,5.36530612244898,3.64638430141287,49,1.71892182103611
"L","Yarra Valley",3,2.98461538461538,3.64638430141287,52,-0.661768916797488
"MF","Yarra Valley",3,3.628,3.64638430141287,50,-0.0183843014128726
"OF","Yarra Valley",3,3.4,3.64638430141287,55,-0.246384301412873
"OP","Yarra Valley",3,2.854,3.64638430141287,50,-0.792384301412873
"BM","Ascot",4,3.83333333333333,4.2875,3,0.551257762534394
"L","Ascot",4,5.05,4.2875,2,-0.366019160078737
"MF","Ascot",4,7.5,4.2875,1,-0.221831498127665
"OF","Ascot",4,0.766666666666667,4.2875,3,0.325030499346988
"BM","Echuca",4,5.68333333333333,5.96828571428571,6,0.551257762534394
"L","Echuca",4,7.9,5.96828571428571,3,-0.366019160078737
"MF","Echuca",4,5.32,5.96828571428571,5,-0.221831498127665
"OF","Echuca",4,4.37142857142857,5.96828571428571,7,0.325030499346988
"OP","Echuca",4,6.56666666666667,5.96828571428571,3,-0.288437603674979
"BM","Moe",4,4.54042553191489,3.87149966772033,47,0.668925864194559
"L","Moe",4,3.39264705882353,3.87149966772033,34,-0.478852608896805
"MF","Moe",4,3.45897435897436,3.87149966772033,39,-0.412525308745975
"OF","Moe",4,4.43888888888889,3.87149966772033,36,0.567389221168555
"OP","Moe",4,3.5265625,3.87149966772033,32,-0.344937167720334
"BM","Moonee Valley",4,3.91829268292683,3.66034083031006,246,0.257951852616767
"L","Moonee Valley",4,3.43535031847134,3.66034083031006,157,-0.224990511838725
"MF","Moonee Valley",4,3.78275862068966,3.66034083031006,174,0.122417790379593
"OF","Moonee Valley",4,3.68290816326531,3.66034083031006,196,0.0225673329552438
"OP","Moonee Valley",4,3.48239436619718,3.66034083031006,142,-0.177946464112879
"BM","Mornington",4,4.20367647058824,3.61095729433965,68,0.592719176248588
"L","Mornington",4,3.25,3.61095729433965,59,-0.360957294339647
"MF","Mornington",4,3.70897435897436,3.61095729433965,78,0.0980170646347118
"OF","Mornington",4,4.12467532467532,3.61095729433965,77,0.513718030335677
"OP","Mornington",4,2.76746031746032,3.61095729433965,63,-0.84349697687933
"BM","Morphettville",4,4.63373493975904,3.7810630934754,83,0.852671846283633
"L","Morphettville",4,3.21515151515152,3.7810630934754,99,-0.565911578323888
"MF","Morphettville",4,3.24752475247525,3.7810630934754,101,-0.533538341000155
"OF","Morphettville",4,4.14021739130435,3.7810630934754,92,0.359154297828945
"OP","Morphettville",4,3.66868686868687,3.7810630934754,99,-0.112376224788534
"BM","Randwick",4,4.08679245283019,3.64465701144208,159,0.442135441388111
"L","Randwick",4,3.61578947368421,3.64465701144208,76,-0.0288675377578667
"MF","Randwick",4,3.22989690721649,3.64465701144208,97,-0.414760104225582
"OF","Randwick",4,3.63366336633663,3.64465701144208,101,-0.0109936451054433
"OP","Randwick",4,3.65714285714286,3.64465701144208,84,0.0124858457007799
"BM","Rosehill",4,3.77868852459016,3.40978752389338,61,0.368901000696781
"L","Rosehill",4,3.6275,3.40978752389338,40,0.217712476106616
"MF","Rosehill",4,3.21489361702128,3.40978752389338,47,-0.194893906872107
"OF","Rosehill",4,3.62272727272727,3.40978752389338,44,0.212939748833889
"OP","Rosehill",4,2.8051282051282,3.40978752389338,39,-0.604659318765179
"BM","Sandown",4,3.69473684210526,3.38708589655958,19,0.551257762534394
"L","Sandown",4,4.42857142857143,3.38708589655958,7,-0.366019160078737
"MF","Sandown",4,2.6,3.38708589655958,8,-0.221831498127665
"OF","Sandown",4,3.64545454545455,3.38708589655958,11,0.325030499346988
"OP","Sandown",4,2.56666666666667,3.38708589655958,6,-0.288437603674979
"BM","St Arnaud",4,3.43125,3.52970021645022,16,0.551257762534394
"L","St Arnaud",4,1.99166666666667,3.52970021645022,12,-0.366019160078737
"MF","St Arnaud",4,3.57272727272727,3.52970021645022,11,-0.221831498127665
"OF","St Arnaud",4,3.11,3.52970021645022,10,0.325030499346988
"OP","St Arnaud",4,5.54285714285714,3.52970021645022,7,-0.288437603674979
"BM","Swan Hill",4,4.68947368421053,3.94721052631579,19,0.551257762534394
"L","Swan Hill",4,2.88947368421053,3.94721052631579,19,-0.366019160078737
"MF","Swan Hill",4,4.29736842105263,3.94721052631579,19,-0.221831498127665
"OF","Swan Hill",4,4.04473684210526,3.94721052631579,19,0.325030499346988
"OP","Swan Hill",4,3.815,3.94721052631579,20,-0.288437603674979
"BM","Werribee",4,3.74285714285714,3.29988095238095,7,0.551257762534394
"L","Werribee",4,1.66666666666667,3.29988095238095,3,-0.366019160078737
"MF","Werribee",4,7.04,3.29988095238095,5,-0.221831498127665
"OF","Werribee",4,0.75,3.29988095238095,2,0.325030499346988
"BM","Yarra Valley",4,4.7811320754717,4.10563291915938,53,0.675499156312318
"L","Yarra Valley",4,2.98536585365854,4.10563291915938,41,-1.12026706550084
"MF","Yarra Valley",4,3.88809523809524,4.10563291915938,42,-0.217537681064142
"OF","Yarra Valley",4,4.71607142857143,4.10563291915938,56,0.610438509412049
"OP","Yarra Valley",4,4.1575,4.10563291915938,40,0.0518670808406201
"BM","Moonee Valley",5,4.51237113402062,3.62726499463183,97,0.885106139388791
"L","Moonee Valley",5,3.11372549019608,3.62726499463183,51,-0.513539504435749
"MF","Moonee Valley",5,4.01730769230769,3.62726499463183,52,0.390042697675865
"OF","Moonee Valley",5,3.81617647058824,3.62726499463183,68,0.188911475956408
"OP","Moonee Valley",5,2.67674418604651,3.62726499463183,43,-0.950520808585316
"BM","Mornington",5,4.02297297297297,3.69199649421381,74,0.330976478759162
"L","Mornington",5,4.1875,3.69199649421381,32,0.49550350578619
"MF","Mornington",5,3.4804347826087,3.69199649421381,46,-0.211561711605114
"OF","Mornington",5,3.65744680851064,3.69199649421381,47,-0.0345496857031722
"OP","Mornington",5,3.11162790697674,3.69199649421381,43,-0.580368587237066
"BM","Morphettville",5,5.39615384615385,6.29073076923077,26,0.608041309073977
"L","Morphettville",5,9.8,6.29073076923077,1,-0.00901799932477965
"MF","Morphettville",5,6.22,6.29073076923077,5,0.0892404930353754
"OF","Morphettville",5,3.2375,6.29073076923077,8,0.077180895126618
"OP","Morphettville",5,6.8,6.29073076923077,1,-0.765444697911191
"BM","Randwick",5,4.64090909090909,4.87284848484848,22,0.608041309073977
"L","Randwick",5,3.74,4.87284848484848,5,-0.00901799932477965
"MF","Randwick",5,5.825,4.87284848484848,4,0.0892404930353754
"OF","Randwick",5,3.83333333333333,4.87284848484848,6,0.077180895126618
"OP","Randwick",5,6.325,4.87284848484848,4,-0.765444697911191
"BM","Moonee Valley",6,3.21081081081081,3.43843370108076,37,-0.227622890269949
"L","Moonee Valley",6,3.35833333333333,3.43843370108076,12,0
"MF","Moonee Valley",6,4.17222222222222,3.43843370108076,18,0
"OF","Moonee Valley",6,4.12352941176471,3.43843370108076,17,0
"OP","Moonee Valley",6,2.32727272727273,3.43843370108076,11,0
